Company Name,Contact Name,Email,WhatsApp Number,Commodity,Country,Quantity
Atlas Enterprises,Anna Muller,procurement@atlastrading.com,+80 676 6562651,Black Pepper,Thailand,Not Mentioned
Horizon Agro LLC,Maria Garcia,procurement@horizontrading.com,+40 597 6001644,Fennel Seeds,Indonesia,Not Mentioned
Elite Logistics,Chen Wu,chen@eliteagro.net,+54 706 9328518,Tamarind,Indonesia,Not Mentioned
Nova Agro LLC,Lucas Silva,procurement@novatrading.com,+8 431 1268136,Almond,Thailand,Not Mentioned
Horizon Imports,Fatima Zahra,fatima@horizonagro.net,+66 248 5365609,Tamarind,Turkey,Not Mentioned
Elite Ventures,Chen Wu,chen@eliteagro.net,+90 509 3538083,Jaggery,USA,Not Mentioned
Horizon Ventures,Mohammed Al-Fayed,mohammed@horizonagro.net,+15 501 4031677,Barley,India,Not Mentioned
Prime Exports,Tariq Aziz,procurement@primetrading.com,+20 514 5871269,Soybean Oil,Pakistan,Not Mentioned
Ocean Foods,Rajesh Kumar,procurement@oceantrading.com,+37 625 9480768,Lentils,Brazil,Not Mentioned
Gulf General Trading,James Smith,procurement@gulftrading.com,+19 510 6499685,Black Pepper,Indonesia,Not Mentioned
Summit Trading Co.,David Miller,procurement@summittrading.com,+10 922 8955009,Clove,Indonesia,Not Mentioned
Prime Trading Co.,Kareem Abdul,kareem@primeagro.net,+77 354 7389929,Almond,Vietnam,Not Mentioned
Horizon Imports,Michael Chang,michael@horizonagro.net,+91 982 5026401,Peanuts,USA,Not Mentioned
Desert Commodities,David Miller,david@desertagro.net,+31 279 9851203,1509 Basmati Rice,USA,Not Mentioned
Desert Suppliers,Li Wei,procurement@deserttrading.com,+41 487 1963002,Raisin (Kishmish),Turkey,Not Mentioned
Crest Agro LLC,Hiroshi Tanaka,hiroshi@crestagro.net,+34 847 5073485,ICUMSA 45 Sugar,Argentina,Not Mentioned
Royal Exports,Li Wei,li@royalagro.net,+57 450 3764783,Arabica Coffee,Turkey,Not Mentioned
Desert Trading Co.,Chen Wu,procurement@deserttrading.com,+4 474 7838995,Almond,India,Not Mentioned
Crest Logistics,Nour El-Din,procurement@cresttrading.com,+15 333 6312117,Cashew Nut,USA,Not Mentioned
Orient Group,Elena Rossi,procurement@orienttrading.com,+57 228 4223076,Black Pepper,Turkey,Not Mentioned
Horizon Ventures,Chen Wu,procurement@horizontrading.com,+87 339 6629672,Sella Basmati Rice,India,Not Mentioned
Gulf Foods,Maria Garcia,maria@gulfagro.net,+91 161 5179871,Dates (Khajoor),Argentina,Not Mentioned
Nova Ventures,Anna Muller,procurement@novatrading.com,+14 397 9642123,Fennel Seeds,Argentina,Not Mentioned
Desert Holdings,Kareem Abdul,procurement@deserttrading.com,+29 644 3476323,Saffron,USA,Not Mentioned
Horizon Distributors,Ahmed Hassan,ahmed@horizonagro.net,+53 714 5055178,Olive Oil,Indonesia,Not Mentioned
Royal Ventures,Michael Chang,michael@royalagro.net,+55 775 3755648,Soybean Oil,India,Not Mentioned
Nova Commodities,Fatima Zahra,procurement@novatrading.com,+70 855 9829842,Walnuts,India,Not Mentioned
Apex General Trading,Fatima Zahra,procurement@apextrading.com,+35 188 7638383,ICUMSA 45 Sugar,Vietnam,Not Mentioned
Stellar Foods,Nour El-Din,procurement@stellartrading.com,+70 360 6190029,IR 64 Rice,Thailand,Not Mentioned
Apex Holdings,Li Wei,li@apexagro.net,+68 543 2613651,Coffee,Vietnam,Not Mentioned
Ocean Holdings,Elena Rossi,elena@oceanagro.net,+88 409 7570069,Fennel Seeds,Indonesia,Not Mentioned
Crest Enterprises,Anna Muller,anna@crestagro.net,+18 532 6683779,Soybean Oil,USA,Not Mentioned
Stellar Imports,Isabella Fernandez,procurement@stellartrading.com,+18 571 1419323,Clove,USA,Not Mentioned
Summit Holdings,Aisha Rahman,aisha@summitagro.net,+5 219 7753447,Clove,Argentina,Not Mentioned
Elite Logistics,James Smith,procurement@elitetrading.com,+15 932 6435350,Cinnamon Stick,Argentina,Not Mentioned
Continental Suppliers,Anna Muller,anna@continentalagro.net,+38 766 2950549,1509 Basmati Rice,Thailand,Not Mentioned
Universal Imports,John Doe,john@universalagro.net,+73 279 1631919,Turmeric Finger,Argentina,Not Mentioned
Apex Suppliers,David Miller,david@apexagro.net,+49 629 7965103,1509 Basmati Rice,Indonesia,Not Mentioned
Global Trading Co.,Elena Rossi,procurement@globaltrading.com,+36 823 3651474,Cardamom (Green),Pakistan,Not Mentioned
Elite Ventures,Anna Muller,procurement@elitetrading.com,+45 524 8890349,Saffron,Vietnam,Not Mentioned
Stellar Suppliers,Lucas Silva,lucas@stellaragro.net,+84 622 3581944,Arabica Coffee,Indonesia,Not Mentioned
Summit Holdings,Maria Garcia,maria@summitagro.net,+42 553 5682192,Sella Basmati Rice,Thailand,Not Mentioned
Universal Holdings,John Doe,john@universalagro.net,+93 478 4530076,Lentils,USA,Not Mentioned
Atlas Group,Anna Muller,procurement@atlastrading.com,+75 823 6477687,Soybean Oil,Indonesia,Not Mentioned
Orient Enterprises,Kareem Abdul,kareem@orientagro.net,+73 112 7159047,Raisin (Kishmish),Brazil,Not Mentioned
Global Trading Co.,William Jones,william@globalagro.net,+70 920 7865678,Soybean Oil,Turkey,Not Mentioned
Desert Enterprises,Maria Garcia,procurement@deserttrading.com,+84 829 6966885,1509 Basmati Rice,Turkey,Not Mentioned
Horizon Enterprises,Hiroshi Tanaka,procurement@horizontrading.com,+41 745 5258226,1401 Basmati Rice,Brazil,Not Mentioned
Ocean Commodities,Nour El-Din,procurement@oceantrading.com,+91 355 2623155,Olive Oil,India,Not Mentioned
Royal Trading Co.,Omar Al-Khatib,procurement@royaltrading.com,+8 459 6697163,1121 Basmati Rice,India,Not Mentioned
Prime Imports,Li Wei,li@primeagro.net,+73 432 6787457,Mustard Seeds,Argentina,Not Mentioned
Nova Enterprises,Omar Al-Khatib,procurement@novatrading.com,+30 453 4065701,Turmeric Finger,USA,Not Mentioned
Elite Commodities,Kareem Abdul,kareem@eliteagro.net,+81 991 9190050,Cardamom (Green),Brazil,Not Mentioned
Horizon Imports,Ahmed Hassan,ahmed@horizonagro.net,+28 171 9061459,Cashew Nut,Vietnam,Not Mentioned
Crest Foods,Tariq Aziz,tariq@crestagro.net,+68 336 5697772,Cumin Seeds,Indonesia,Not Mentioned
Atlas Holdings,Tariq Aziz,tariq@atlasagro.net,+83 226 9406930,Tamarind,Pakistan,Not Mentioned
Global Exports,Michael Chang,procurement@globaltrading.com,+43 146 5016456,Cardamom (Green),Pakistan,Not Mentioned
Gulf Holdings,Omar Al-Khatib,procurement@gulftrading.com,+36 562 6925073,Apple Powder,Indonesia,Not Mentioned
Stellar Imports,Youssef Ibrahim,youssef@stellaragro.net,+90 451 2690077,Dates (Khajoor),Brazil,Not Mentioned
Summit Group,James Smith,james@summitagro.net,+99 680 1601200,Apple Powder,Thailand,Not Mentioned
Elite Logistics,Chen Wu,chen@eliteagro.net,+8 788 8845123,Jaggery,Brazil,Not Mentioned
Pioneer Foods,Elena Rossi,elena@pioneeragro.net,+41 411 5343722,Barley,Argentina,Not Mentioned
Royal Suppliers,James Smith,procurement@royaltrading.com,+79 643 9164682,Tamarind,Pakistan,Not Mentioned
Desert Suppliers,Omar Al-Khatib,procurement@deserttrading.com,+60 267 9763222,Cardamom (Green),USA,Not Mentioned
Orient Agro LLC,James Smith,procurement@orienttrading.com,+70 570 3612829,Dates (Khajoor),Pakistan,Not Mentioned
Atlas Commodities,David Miller,david@atlasagro.net,+34 814 8864206,Robusta Coffee,Thailand,Not Mentioned
Horizon Commodities,John Doe,john@horizonagro.net,+62 356 7833205,Fox Nuts (Makhana),Thailand,Not Mentioned
Horizon Imports,Kareem Abdul,kareem@horizonagro.net,+44 558 5907990,Fox Nuts (Makhana),India,Not Mentioned
Pioneer Distributors,Hiroshi Tanaka,procurement@pioneertrading.com,+36 828 7054676,Sesame Seeds,India,Not Mentioned
Gulf Group,John Doe,procurement@gulftrading.com,+9 457 3964108,Lentils,Vietnam,Not Mentioned
Continental Enterprises,Tariq Aziz,procurement@continentaltrading.com,+55 212 2572709,Dates (Khajoor),USA,Not Mentioned
Horizon General Trading,David Miller,david@horizonagro.net,+6 867 9453614,Olive Oil,Argentina,Not Mentioned
Royal Enterprises,James Smith,procurement@royaltrading.com,+76 877 8737226,1509 Basmati Rice,USA,Not Mentioned
Crest Logistics,Omar Al-Khatib,omar@crestagro.net,+53 932 2087995,ICUMSA 45 Sugar,Turkey,Not Mentioned
Nova Commodities,Isabella Fernandez,isabella@novaagro.net,+27 503 7904966,Robusta Coffee,Thailand,Not Mentioned
Crest Suppliers,Li Wei,procurement@cresttrading.com,+81 153 7539902,Tamarind,Thailand,Not Mentioned
Nova Holdings,Michael Chang,michael@novaagro.net,+31 556 3188004,Lentils,USA,Not Mentioned
Continental General Trading,Maria Garcia,procurement@continentaltrading.com,+8 995 4701432,Clove,Thailand,Not Mentioned
Atlas Suppliers,Chen Wu,chen@atlasagro.net,+52 511 7348344,Palm Oil,Brazil,Not Mentioned
Atlas Ventures,Hiroshi Tanaka,hiroshi@atlasagro.net,+15 829 7478318,Wheat,Vietnam,Not Mentioned
Elite Ventures,David Miller,david@eliteagro.net,+33 480 1826323,Walnuts,Pakistan,Not Mentioned
Global Foods,Li Wei,li@globalagro.net,+28 736 8414735,1121 Basmati Rice,India,Not Mentioned
Ocean Logistics,Maria Garcia,procurement@oceantrading.com,+80 152 6487214,Sella Basmati Rice,Brazil,Not Mentioned
Atlas Agro LLC,Youssef Ibrahim,procurement@atlastrading.com,+44 195 9750409,Palm Oil,USA,Not Mentioned
Gulf Agro LLC,James Smith,procurement@gulftrading.com,+54 146 2859582,1509 Basmati Rice,Vietnam,Not Mentioned
Elite Suppliers,Michael Chang,procurement@elitetrading.com,+23 269 9849397,Cinnamon Stick,Argentina,Not Mentioned
Summit Ventures,Mohammed Al-Fayed,mohammed@summitagro.net,+98 522 2871121,Wheat,India,Not Mentioned
Universal Foods,Chen Wu,procurement@universaltrading.com,+42 402 4161683,Arabica Coffee,Thailand,Not Mentioned
Orient Imports,Li Wei,li@orientagro.net,+79 456 3824765,Black Pepper,India,Not Mentioned
Apex Logistics,Anna Muller,procurement@apextrading.com,+77 412 3248588,Cumin Seeds,Brazil,Not Mentioned
Summit Enterprises,Mohammed Al-Fayed,mohammed@summitagro.net,+51 756 2503356,Peanuts,Vietnam,Not Mentioned
Gulf Group,Aisha Rahman,procurement@gulftrading.com,+67 817 1218448,Palm Oil,Brazil,Not Mentioned
Universal Logistics,Mohammed Al-Fayed,procurement@universaltrading.com,+2 325 1047408,Arabica Coffee,Brazil,Not Mentioned
Prime Holdings,Isabella Fernandez,procurement@primetrading.com,+57 676 6293522,Jaggery,Indonesia,Not Mentioned
Horizon General Trading,Hiroshi Tanaka,hiroshi@horizonagro.net,+22 268 2551969,Robusta Coffee,Turkey,Not Mentioned
Ocean Imports,Kareem Abdul,kareem@oceanagro.net,+36 772 9605072,1401 Basmati Rice,Vietnam,Not Mentioned
Continental General Trading,Lucas Silva,procurement@continentaltrading.com,+38 522 9578653,Cardamom (Green),Vietnam,Not Mentioned
Universal Suppliers,Aisha Rahman,procurement@universaltrading.com,+98 289 3165977,Dates (Khajoor),Vietnam,Not Mentioned
Elite Commodities,Nour El-Din,nour@eliteagro.net,+75 456 2196873,IR 64 Rice,USA,Not Mentioned
Orient Imports,Tariq Aziz,procurement@orienttrading.com,+12 989 9442276,Clove,Pakistan,Not Mentioned
Global General Trading,Fatima Zahra,fatima@globalagro.net,+71 963 7848392,Turmeric Finger,Pakistan,Not Mentioned
Crest Group,Chen Wu,chen@crestagro.net,+73 948 5511800,Saffron,India,Not Mentioned
Elite Enterprises,Maria Garcia,maria@eliteagro.net,+69 515 4574994,Clove,Pakistan,Not Mentioned
Crest Group,Tariq Aziz,tariq@crestagro.net,+54 486 5790751,Saffron,India,Not Mentioned
Horizon Imports,Chen Wu,procurement@horizontrading.com,+93 550 6335091,Walnuts,Vietnam,Not Mentioned
Summit Imports,David Miller,procurement@summittrading.com,+63 615 9625674,1121 Basmati Rice,India,Not Mentioned
Universal Trading Co.,Mohammed Al-Fayed,mohammed@universalagro.net,+66 413 1782736,1509 Basmati Rice,Thailand,Not Mentioned
Elite Holdings,Lucas Silva,procurement@elitetrading.com,+63 385 2414827,IR 64 Rice,Thailand,Not Mentioned
Elite Ventures,Ahmed Hassan,procurement@elitetrading.com,+94 786 6206141,Lentils,Argentina,Not Mentioned
Horizon Trading Co.,Omar Al-Khatib,procurement@horizontrading.com,+3 477 2389390,Walnuts,Indonesia,Not Mentioned
Horizon Foods,Anna Muller,procurement@horizontrading.com,+90 520 8584285,Cumin Seeds,Thailand,Not Mentioned
Horizon Imports,Isabella Fernandez,isabella@horizonagro.net,+30 117 5987131,Coriander Seeds,India,Not Mentioned
Continental Foods,Aisha Rahman,aisha@continentalagro.net,+95 425 5331485,Sella Basmati Rice,Pakistan,Not Mentioned
Crest Exports,Chen Wu,chen@crestagro.net,+30 245 4231796,Tamarind,India,Not Mentioned
Horizon Suppliers,Maria Garcia,procurement@horizontrading.com,+33 167 7793560,Mustard Seeds,Brazil,Not Mentioned
Royal Imports,Anna Muller,procurement@royaltrading.com,+56 453 6050292,Fox Nuts (Makhana),Vietnam,Not Mentioned
Apex Imports,Elena Rossi,procurement@apextrading.com,+69 781 3035832,Sesame Seeds,Thailand,Not Mentioned
Crest Enterprises,Youssef Ibrahim,youssef@crestagro.net,+91 103 1705148,Soybean Oil,Brazil,Not Mentioned
Royal Logistics,Hiroshi Tanaka,hiroshi@royalagro.net,+45 826 2238238,Dates (Khajoor),Argentina,Not Mentioned
Prime Distributors,Nour El-Din,nour@primeagro.net,+95 399 3732496,Palm Oil,Pakistan,Not Mentioned
Royal Enterprises,Youssef Ibrahim,procurement@royaltrading.com,+83 643 6839266,Saffron,USA,Not Mentioned
Elite Distributors,William Jones,william@eliteagro.net,+62 946 9368385,Lentils,Pakistan,Not Mentioned
Horizon Ventures,Maria Garcia,procurement@horizontrading.com,+86 736 4345414,Soybean Oil,India,Not Mentioned
Ocean Trading Co.,Michael Chang,procurement@oceantrading.com,+5 648 8225777,1121 Basmati Rice,Indonesia,Not Mentioned
Atlas Exports,Lucas Silva,lucas@atlasagro.net,+31 352 2491293,Sesame Seeds,Turkey,Not Mentioned
Gulf General Trading,Elena Rossi,elena@gulfagro.net,+25 592 8872725,Sella Basmati Rice,Turkey,Not Mentioned
Royal Suppliers,Maria Garcia,maria@royalagro.net,+93 732 2806246,Jaggery,USA,Not Mentioned
Desert Foods,Hiroshi Tanaka,hiroshi@desertagro.net,+49 263 5912142,Tamarind,India,Not Mentioned
Nova Foods,James Smith,james@novaagro.net,+2 100 3467934,Lentils,Brazil,Not Mentioned
Orient General Trading,Li Wei,li@orientagro.net,+56 304 8420419,Almond,Indonesia,Not Mentioned
Nova Foods,Kareem Abdul,procurement@novatrading.com,+43 871 7240381,IR 64 Rice,Thailand,Not Mentioned
Nova Agro LLC,Mohammed Al-Fayed,mohammed@novaagro.net,+61 879 7797020,Lentils,Pakistan,Not Mentioned
Stellar General Trading,James Smith,james@stellaragro.net,+88 970 1927774,Mustard Seeds,Turkey,Not Mentioned
Elite Trading Co.,Maria Garcia,procurement@elitetrading.com,+12 592 3366303,Raisin (Kishmish),Brazil,Not Mentioned
Ocean Commodities,Li Wei,procurement@oceantrading.com,+30 586 7911078,Coffee,Turkey,Not Mentioned
Horizon Suppliers,John Doe,procurement@horizontrading.com,+31 901 9233061,Black Pepper,Brazil,Not Mentioned
Pioneer Enterprises,David Miller,procurement@pioneertrading.com,+29 146 8718453,Banana Powder,Indonesia,Not Mentioned
Summit Trading Co.,Anna Muller,procurement@summittrading.com,+48 490 3542668,Banana Powder,Argentina,Not Mentioned
Summit Distributors,Youssef Ibrahim,youssef@summitagro.net,+43 849 4456115,1401 Basmati Rice,Pakistan,Not Mentioned
Atlas Foods,Youssef Ibrahim,youssef@atlasagro.net,+73 853 7957179,Wheat,India,Not Mentioned
Orient Logistics,Isabella Fernandez,isabella@orientagro.net,+6 867 7699660,Raisin (Kishmish),Argentina,Not Mentioned
Desert Suppliers,Chen Wu,chen@desertagro.net,+48 656 7677004,Fox Nuts (Makhana),Turkey,Not Mentioned
Continental Ventures,John Doe,procurement@continentaltrading.com,+71 326 9805357,Cinnamon Stick,Thailand,Not Mentioned
Stellar General Trading,Anna Muller,anna@stellaragro.net,+66 108 3078836,Olive Oil,Brazil,Not Mentioned
Horizon Trading Co.,Aisha Rahman,procurement@horizontrading.com,+55 603 6655736,Wheat,Turkey,Not Mentioned
Nova Agro LLC,Sarah Connor,sarah@novaagro.net,+90 958 6620702,Cashew Nut,Brazil,Not Mentioned
Orient Suppliers,Anna Muller,anna@orientagro.net,+17 242 6892495,Wheat,Indonesia,Not Mentioned
Crest Logistics,Tariq Aziz,tariq@crestagro.net,+62 637 1250570,Wheat,USA,Not Mentioned
Gulf Foods,Rajesh Kumar,rajesh@gulfagro.net,+48 954 7676852,Jaggery,Vietnam,Not Mentioned
Global Ventures,Li Wei,li@globalagro.net,+22 419 2811706,Almond,Thailand,Not Mentioned
Summit Distributors,Rajesh Kumar,rajesh@summitagro.net,+49 992 5038664,Coriander Seeds,Vietnam,Not Mentioned
Horizon Trading Co.,Omar Al-Khatib,procurement@horizontrading.com,+3 341 1354102,Jaggery,Turkey,Not Mentioned
Gulf Distributors,Kareem Abdul,kareem@gulfagro.net,+53 492 5315360,Olive Oil,India,Not Mentioned
Universal Group,Youssef Ibrahim,youssef@universalagro.net,+29 766 9306271,Sesame Seeds,Brazil,Not Mentioned
Stellar Agro LLC,Ahmed Hassan,ahmed@stellaragro.net,+43 525 1690767,Cardamom (Green),Brazil,Not Mentioned
Summit Logistics,James Smith,james@summitagro.net,+19 772 8607454,Fox Nuts (Makhana),Brazil,Not Mentioned
Continental Foods,Kareem Abdul,kareem@continentalagro.net,+54 167 3878393,Olive Oil,Turkey,Not Mentioned
Horizon General Trading,Mohammed Al-Fayed,mohammed@horizonagro.net,+67 444 1399251,Sunflower Oil,Vietnam,Not Mentioned
Ocean Distributors,Youssef Ibrahim,youssef@oceanagro.net,+76 960 4906969,Mustard Seeds,USA,Not Mentioned
Stellar Enterprises,Tariq Aziz,procurement@stellartrading.com,+80 358 7970016,Robusta Coffee,Pakistan,Not Mentioned
Atlas Logistics,Michael Chang,procurement@atlastrading.com,+38 317 8520917,Sella Basmati Rice,Pakistan,Not Mentioned
Crest Agro LLC,Aisha Rahman,aisha@crestagro.net,+99 877 2894244,Clove,Turkey,Not Mentioned
Ocean Ventures,John Doe,procurement@oceantrading.com,+71 583 7946336,Tamarind,Thailand,Not Mentioned
Stellar Ventures,Rajesh Kumar,rajesh@stellaragro.net,+14 279 5018220,Cardamom (Green),Argentina,Not Mentioned
Ocean Agro LLC,Li Wei,li@oceanagro.net,+27 347 6389727,Jaggery,Brazil,Not Mentioned
Stellar Group,Michael Chang,michael@stellaragro.net,+63 747 3309614,Saffron,Argentina,Not Mentioned
Continental Trading Co.,Sarah Connor,procurement@continentaltrading.com,+19 644 6082588,Tamarind,Vietnam,Not Mentioned
Apex Commodities,Lucas Silva,lucas@apexagro.net,+51 842 8599690,Barley,Vietnam,Not Mentioned
Apex Holdings,Youssef Ibrahim,youssef@apexagro.net,+82 952 1438422,1401 Basmati Rice,Argentina,Not Mentioned
Continental Foods,David Miller,procurement@continentaltrading.com,+37 166 6720935,Sella Basmati Rice,Vietnam,Not Mentioned
Gulf General Trading,Tariq Aziz,tariq@gulfagro.net,+86 924 3070198,Saffron,Argentina,Not Mentioned
Summit Trading Co.,David Miller,procurement@summittrading.com,+69 430 1151135,Cinnamon Stick,USA,Not Mentioned
Desert Logistics,Omar Al-Khatib,procurement@deserttrading.com,+2 276 8332837,Walnuts,Turkey,Not Mentioned
Prime Holdings,David Miller,david@primeagro.net,+24 887 4376724,Palm Oil,Thailand,Not Mentioned
Elite Enterprises,Rajesh Kumar,procurement@elitetrading.com,+86 148 6338035,Saffron,Turkey,Not Mentioned
Desert Imports,Chen Wu,procurement@deserttrading.com,+11 942 1179337,Sunflower Oil,Vietnam,Not Mentioned
Universal Distributors,Sarah Connor,procurement@universaltrading.com,+99 150 1327454,Arabica Coffee,Turkey,Not Mentioned
Stellar Enterprises,Aisha Rahman,procurement@stellartrading.com,+12 524 8668852,Cashew Nut,India,Not Mentioned
Royal Exports,Aisha Rahman,aisha@royalagro.net,+83 779 2949500,Jaggery,Thailand,Not Mentioned
Horizon Holdings,Nour El-Din,procurement@horizontrading.com,+89 494 5640017,1509 Basmati Rice,Thailand,Not Mentioned
Horizon Exports,Rajesh Kumar,procurement@horizontrading.com,+36 449 5342111,Dates (Khajoor),Turkey,Not Mentioned
Stellar Imports,Chen Wu,procurement@stellartrading.com,+56 944 5522463,Robusta Coffee,USA,Not Mentioned
Apex General Trading,Isabella Fernandez,procurement@apextrading.com,+27 501 8816349,Saffron,USA,Not Mentioned
Summit Suppliers,Li Wei,li@summitagro.net,+93 641 8322104,Clove,Pakistan,Not Mentioned
Summit Agro LLC,John Doe,procurement@summittrading.com,+41 957 2445315,Olive Oil,Indonesia,Not Mentioned
Global Commodities,Michael Chang,michael@globalagro.net,+94 785 5632664,Mustard Seeds,Thailand,Not Mentioned
Orient Ventures,Omar Al-Khatib,procurement@orienttrading.com,+93 460 3825218,Soybean Oil,Thailand,Not Mentioned
Pioneer Group,Youssef Ibrahim,youssef@pioneeragro.net,+37 656 6697294,Tamarind,Vietnam,Not Mentioned
Pioneer Logistics,Kareem Abdul,procurement@pioneertrading.com,+2 890 1331518,Peanuts,Thailand,Not Mentioned
Gulf General Trading,Maria Garcia,maria@gulfagro.net,+70 223 9638525,1509 Basmati Rice,Argentina,Not Mentioned
Ocean Ventures,Isabella Fernandez,procurement@oceantrading.com,+76 800 7062076,IR 64 Rice,Pakistan,Not Mentioned
Apex Foods,Anna Muller,anna@apexagro.net,+75 851 2457888,Apple Powder,Argentina,Not Mentioned
Apex General Trading,David Miller,david@apexagro.net,+64 896 6436977,IR 64 Rice,Thailand,Not Mentioned
Continental Foods,Elena Rossi,procurement@continentaltrading.com,+80 319 5106897,Dates (Khajoor),Turkey,Not Mentioned
Stellar Exports,James Smith,james@stellaragro.net,+38 488 1146137,Walnuts,Turkey,Not Mentioned
Orient Exports,Elena Rossi,procurement@orienttrading.com,+26 766 8825500,Cardamom (Green),Thailand,Not Mentioned
Nova Enterprises,David Miller,david@novaagro.net,+92 276 3139297,Soybean Oil,India,Not Mentioned
Apex Enterprises,Nour El-Din,procurement@apextrading.com,+79 758 5438538,Robusta Coffee,Brazil,Not Mentioned
Gulf Exports,Lucas Silva,procurement@gulftrading.com,+27 892 5758680,Apple Powder,Indonesia,Not Mentioned
Universal Ventures,Nour El-Din,nour@universalagro.net,+12 221 4920420,Fennel Seeds,Argentina,Not Mentioned
Crest Enterprises,Tariq Aziz,procurement@cresttrading.com,+53 103 6914874,ICUMSA 45 Sugar,Thailand,Not Mentioned
Horizon General Trading,Kareem Abdul,procurement@horizontrading.com,+38 979 2818472,Sella Basmati Rice,Thailand,Not Mentioned
Crest Ventures,Mohammed Al-Fayed,procurement@cresttrading.com,+66 304 6636125,Fennel Seeds,Thailand,Not Mentioned
Prime Distributors,Maria Garcia,procurement@primetrading.com,+56 205 2102051,Barley,India,Not Mentioned
Gulf Holdings,Lucas Silva,procurement@gulftrading.com,+44 485 6594258,Jaggery,USA,Not Mentioned
Gulf Agro LLC,Lucas Silva,procurement@gulftrading.com,+88 998 1018137,1121 Basmati Rice,India,Not Mentioned
Gulf General Trading,Fatima Zahra,fatima@gulfagro.net,+14 807 3710012,Saffron,Argentina,Not Mentioned
Desert General Trading,James Smith,james@desertagro.net,+48 251 7636692,Sunflower Oil,Turkey,Not Mentioned
Global Ventures,Anna Muller,anna@globalagro.net,+44 178 2039020,Raisin (Kishmish),Vietnam,Not Mentioned
Stellar Agro LLC,Maria Garcia,maria@stellaragro.net,+87 702 2029785,Sunflower Oil,USA,Not Mentioned
Nova General Trading,Rajesh Kumar,procurement@novatrading.com,+65 617 6985915,1509 Basmati Rice,Vietnam,Not Mentioned
Royal Suppliers,Rajesh Kumar,rajesh@royalagro.net,+75 413 1021570,Olive Oil,USA,Not Mentioned
Global Enterprises,David Miller,david@globalagro.net,+63 925 5153831,Arabica Coffee,Vietnam,Not Mentioned
Stellar Ventures,Mohammed Al-Fayed,procurement@stellartrading.com,+55 456 5759917,Soybean Oil,USA,Not Mentioned
Elite Group,Nour El-Din,procurement@elitetrading.com,+57 862 2564343,Almond,India,Not Mentioned
Stellar Holdings,Mohammed Al-Fayed,mohammed@stellaragro.net,+56 370 1865624,Clove,India,Not Mentioned
Continental Suppliers,Sarah Connor,sarah@continentalagro.net,+62 541 7647352,Palm Oil,Vietnam,Not Mentioned
Global Foods,Isabella Fernandez,procurement@globaltrading.com,+55 490 7679869,Robusta Coffee,Argentina,Not Mentioned
Global Logistics,Youssef Ibrahim,youssef@globalagro.net,+14 995 7199442,Peanuts,USA,Not Mentioned
Orient Trading Co.,Anna Muller,procurement@orienttrading.com,+14 120 8493551,Raisin (Kishmish),Turkey,Not Mentioned
Desert Agro LLC,Anna Muller,anna@desertagro.net,+65 678 3164495,Black Pepper,India,Not Mentioned
Royal Ventures,David Miller,procurement@royaltrading.com,+77 535 9710577,Olive Oil,India,Not Mentioned
Royal Exports,Ahmed Hassan,ahmed@royalagro.net,+17 494 3696155,Raisin (Kishmish),Turkey,Not Mentioned
Apex Distributors,Tariq Aziz,tariq@apexagro.net,+93 541 9371290,Arabica Coffee,Argentina,Not Mentioned
Global Logistics,Rajesh Kumar,rajesh@globalagro.net,+98 290 1531149,Tamarind,Indonesia,Not Mentioned
Universal Enterprises,Kareem Abdul,kareem@universalagro.net,+81 933 5058994,Cinnamon Stick,USA,Not Mentioned
Continental Suppliers,Omar Al-Khatib,omar@continentalagro.net,+26 257 4080404,Apple Powder,Argentina,Not Mentioned
Universal Distributors,Rajesh Kumar,rajesh@universalagro.net,+53 305 6249839,Makhana,Thailand,Not Mentioned
Crest Trading Co.,John Doe,procurement@cresttrading.com,+94 701 3629538,Makhana,Indonesia,Not Mentioned
Summit Exports,Aisha Rahman,aisha@summitagro.net,+66 365 5787097,Makhana,India,Not Mentioned
Crest Enterprises,William Jones,procurement@cresttrading.com,+14 361 2191228,Banana Powder,Argentina,Not Mentioned
Ocean Holdings,Aisha Rahman,aisha@oceanagro.net,+57 474 9837748,Arabica Coffee,Vietnam,Not Mentioned
Desert General Trading,Fatima Zahra,fatima@desertagro.net,+46 620 3795181,Olive Oil,Argentina,Not Mentioned
Elite Commodities,Lucas Silva,lucas@eliteagro.net,+75 996 7054233,Fox Nuts (Makhana),Argentina,Not Mentioned
Elite Enterprises,Chen Wu,chen@eliteagro.net,+9 952 4033874,Olive Oil,Pakistan,Not Mentioned
Royal Logistics,Chen Wu,procurement@royaltrading.com,+95 192 4878052,Almond,USA,Not Mentioned
Crest Agro LLC,Elena Rossi,elena@crestagro.net,+52 709 4171980,Saffron,Argentina,Not Mentioned
Universal Foods,Elena Rossi,elena@universalagro.net,+8 283 1801636,Sella Basmati Rice,Brazil,Not Mentioned
Continental Exports,Tariq Aziz,tariq@continentalagro.net,+86 673 3513410,Barley,Turkey,Not Mentioned
Apex Suppliers,Aisha Rahman,procurement@apextrading.com,+97 198 8996904,Walnuts,Pakistan,Not Mentioned
Universal Holdings,James Smith,procurement@universaltrading.com,+64 960 5190993,1401 Basmati Rice,India,Not Mentioned
Elite Logistics,Omar Al-Khatib,omar@eliteagro.net,+9 804 3755994,Tamarind,Vietnam,Not Mentioned
Continental Foods,Lucas Silva,procurement@continentaltrading.com,+4 380 3174728,Makhana,Indonesia,Not Mentioned
Crest Holdings,Isabella Fernandez,procurement@cresttrading.com,+26 427 9524998,Barley,Thailand,Not Mentioned
Atlas Exports,Ahmed Hassan,procurement@atlastrading.com,+29 502 5690006,Makhana,USA,Not Mentioned
Atlas Holdings,Aisha Rahman,aisha@atlasagro.net,+41 214 2786046,Sella Basmati Rice,Turkey,Not Mentioned
Atlas Trading Co.,Hiroshi Tanaka,hiroshi@atlasagro.net,+53 472 7025185,Wheat,Pakistan,Not Mentioned
Summit Logistics,Fatima Zahra,fatima@summitagro.net,+9 518 7586645,Coriander Seeds,Turkey,Not Mentioned
Royal Distributors,Chen Wu,chen@royalagro.net,+9 144 6906832,Cinnamon Stick,Turkey,Not Mentioned
Atlas Holdings,William Jones,william@atlasagro.net,+67 828 9227755,Sesame Seeds,India,Not Mentioned
Horizon Trading Co.,Aisha Rahman,aisha@horizonagro.net,+12 151 5322955,1509 Basmati Rice,USA,Not Mentioned
Global Ventures,Aisha Rahman,aisha@globalagro.net,+73 797 5313457,Clove,Vietnam,Not Mentioned
Pioneer Enterprises,Sarah Connor,sarah@pioneeragro.net,+99 893 9057871,ICUMSA 45 Sugar,Brazil,Not Mentioned
Elite Commodities,Michael Chang,procurement@elitetrading.com,+85 292 3586332,Black Pepper,Pakistan,Not Mentioned
Universal Distributors,Youssef Ibrahim,procurement@universaltrading.com,+78 996 4268478,Soybean Oil,Turkey,Not Mentioned
Apex Logistics,Elena Rossi,procurement@apextrading.com,+41 967 6677967,ICUMSA 45 Sugar,Pakistan,Not Mentioned
Nova Suppliers,Hiroshi Tanaka,hiroshi@novaagro.net,+34 739 3634173,Saffron,USA,Not Mentioned
Nova Imports,Fatima Zahra,procurement@novatrading.com,+58 196 4843168,Cinnamon Stick,Argentina,Not Mentioned
Apex Trading Co.,John Doe,john@apexagro.net,+99 589 2548853,Soybean Oil,Vietnam,Not Mentioned
Pioneer Suppliers,Omar Al-Khatib,procurement@pioneertrading.com,+71 381 3985149,Clove,Turkey,Not Mentioned
Apex Ventures,Aisha Rahman,procurement@apextrading.com,+10 155 8287158,1509 Basmati Rice,Vietnam,Not Mentioned
Prime Trading Co.,Mohammed Al-Fayed,mohammed@primeagro.net,+83 231 2417806,Arabica Coffee,Pakistan,Not Mentioned
Continental Holdings,David Miller,david@continentalagro.net,+34 350 6866167,1121 Basmati Rice,Indonesia,Not Mentioned
Universal Commodities,Sarah Connor,procurement@universaltrading.com,+86 955 9834653,Robusta Coffee,USA,Not Mentioned
Horizon Holdings,Li Wei,li@horizonagro.net,+82 179 3845177,Jaggery,Vietnam,Not Mentioned
Royal Logistics,Aisha Rahman,aisha@royalagro.net,+2 813 9833817,ICUMSA 45 Sugar,India,Not Mentioned
Crest Logistics,James Smith,procurement@cresttrading.com,+70 135 4404721,Coffee,Vietnam,Not Mentioned
Summit Imports,Omar Al-Khatib,procurement@summittrading.com,+51 414 6247088,Robusta Coffee,Pakistan,Not Mentioned
Horizon Holdings,Tariq Aziz,tariq@horizonagro.net,+10 891 8549092,1509 Basmati Rice,USA,Not Mentioned
Stellar Agro LLC,Hiroshi Tanaka,procurement@stellartrading.com,+30 329 5232296,Raisin (Kishmish),Brazil,Not Mentioned
Horizon Suppliers,Chen Wu,chen@horizonagro.net,+99 484 2817509,Black Pepper,USA,Not Mentioned
Horizon Distributors,William Jones,william@horizonagro.net,+3 556 8779928,Mustard Seeds,Pakistan,Not Mentioned
Pioneer General Trading,Elena Rossi,elena@pioneeragro.net,+96 566 5059051,Peanuts,India,Not Mentioned
Apex Trading Co.,Mohammed Al-Fayed,procurement@apextrading.com,+69 753 9232158,Barley,India,Not Mentioned
Apex Enterprises,Aisha Rahman,procurement@apextrading.com,+8 235 7293146,Jaggery,Turkey,Not Mentioned
Apex Distributors,Tariq Aziz,tariq@apexagro.net,+50 854 7986555,Olive Oil,India,Not Mentioned
Atlas Agro LLC,Fatima Zahra,procurement@atlastrading.com,+52 513 5918047,1509 Basmati Rice,Thailand,Not Mentioned
Pioneer Foods,Isabella Fernandez,procurement@pioneertrading.com,+82 572 3039359,Turmeric Finger,Turkey,Not Mentioned
Nova Logistics,Omar Al-Khatib,omar@novaagro.net,+54 632 1497599,1509 Basmati Rice,Pakistan,Not Mentioned
Horizon Suppliers,Sarah Connor,procurement@horizontrading.com,+10 529 8000751,Clove,Pakistan,Not Mentioned
Desert Commodities,Ahmed Hassan,ahmed@desertagro.net,+90 868 3491385,Cinnamon Stick,Vietnam,Not Mentioned
Royal Holdings,Anna Muller,anna@royalagro.net,+26 469 3012059,Mustard Seeds,Brazil,Not Mentioned
Desert Commodities,Li Wei,li@desertagro.net,+44 662 9732067,Cardamom (Green),Vietnam,Not Mentioned
Global General Trading,Tariq Aziz,procurement@globaltrading.com,+5 322 3246084,Saffron,Turkey,Not Mentioned
Horizon Agro LLC,Tariq Aziz,procurement@horizontrading.com,+28 773 2748645,Lentils,India,Not Mentioned
Stellar Imports,Michael Chang,procurement@stellartrading.com,+13 747 7668767,Palm Oil,Turkey,Not Mentioned
Crest Ventures,Sarah Connor,sarah@crestagro.net,+14 537 2553768,IR 64 Rice,Pakistan,Not Mentioned
Gulf Logistics,David Miller,david@gulfagro.net,+9 975 6697997,Palm Oil,India,Not Mentioned
Royal Distributors,Tariq Aziz,procurement@royaltrading.com,+88 317 1890662,Fox Nuts (Makhana),Indonesia,Not Mentioned
Desert Holdings,Ahmed Hassan,procurement@deserttrading.com,+40 751 6633580,Tamarind,USA,Not Mentioned
Royal Holdings,Li Wei,li@royalagro.net,+98 688 6674142,Dates (Khajoor),Turkey,Not Mentioned
Global Group,Youssef Ibrahim,procurement@globaltrading.com,+3 575 1794275,Palm Oil,India,Not Mentioned
Stellar Enterprises,James Smith,procurement@stellartrading.com,+19 663 8810824,1121 Basmati Rice,USA,Not Mentioned
Summit Exports,Chen Wu,chen@summitagro.net,+52 900 3132591,Cumin Seeds,Thailand,Not Mentioned
Orient Imports,Anna Muller,procurement@orienttrading.com,+14 403 7918211,Sella Basmati Rice,India,Not Mentioned
Nova Commodities,Elena Rossi,procurement@novatrading.com,+5 729 8214227,Tamarind,Turkey,Not Mentioned
Orient Enterprises,Tariq Aziz,tariq@orientagro.net,+92 462 2350641,Black Pepper,India,Not Mentioned
Orient Enterprises,Li Wei,procurement@orienttrading.com,+41 122 3700336,Clove,Brazil,Not Mentioned
Horizon Enterprises,Hiroshi Tanaka,hiroshi@horizonagro.net,+26 130 1867035,Fox Nuts (Makhana),Vietnam,Not Mentioned
Gulf Group,Maria Garcia,maria@gulfagro.net,+35 768 4316764,Cardamom (Green),Pakistan,Not Mentioned
Global Trading Co.,Lucas Silva,lucas@globalagro.net,+19 586 9450584,Saffron,Thailand,Not Mentioned
Orient Enterprises,Hiroshi Tanaka,hiroshi@orientagro.net,+79 770 9775137,Raisin (Kishmish),India,Not Mentioned
Desert General Trading,Youssef Ibrahim,procurement@deserttrading.com,+14 495 4405646,Cinnamon Stick,Argentina,Not Mentioned
Global Trading Co.,Li Wei,procurement@globaltrading.com,+16 629 5339457,Peanuts,Pakistan,Not Mentioned
Atlas Suppliers,John Doe,john@atlasagro.net,+13 404 4420872,Raisin (Kishmish),USA,Not Mentioned
Prime Group,Kareem Abdul,kareem@primeagro.net,+7 246 5249171,ICUMSA 45 Sugar,Turkey,Not Mentioned
Prime Distributors,Michael Chang,michael@primeagro.net,+28 384 2324795,1401 Basmati Rice,India,Not Mentioned
Nova Suppliers,John Doe,john@novaagro.net,+77 343 7489419,1121 Basmati Rice,India,Not Mentioned
Crest Trading Co.,John Doe,procurement@cresttrading.com,+12 264 9585337,1509 Basmati Rice,USA,Not Mentioned
Elite Agro LLC,Kareem Abdul,procurement@elitetrading.com,+27 786 2408879,Coffee,Vietnam,Not Mentioned
Prime General Trading,John Doe,procurement@primetrading.com,+37 523 8920917,Walnuts,India,Not Mentioned
Stellar Imports,Chen Wu,chen@stellaragro.net,+19 510 5351758,Peanuts,Turkey,Not Mentioned
Prime Commodities,Maria Garcia,maria@primeagro.net,+41 528 7814775,Almond,Argentina,Not Mentioned
Universal Logistics,Michael Chang,michael@universalagro.net,+20 757 7069154,Walnuts,Vietnam,Not Mentioned
Pioneer Trading Co.,Kareem Abdul,procurement@pioneertrading.com,+77 571 4663075,Sesame Seeds,Brazil,Not Mentioned
Atlas Group,Kareem Abdul,kareem@atlasagro.net,+15 887 3765713,Wheat,Brazil,Not Mentioned
Desert Logistics,Tariq Aziz,tariq@desertagro.net,+59 201 3519654,Makhana,USA,Not Mentioned
Universal Distributors,Fatima Zahra,procurement@universaltrading.com,+74 691 4807708,Cumin Seeds,Brazil,Not Mentioned
Crest Enterprises,Fatima Zahra,procurement@cresttrading.com,+4 274 8422187,Soybean Oil,Pakistan,Not Mentioned
Nova Distributors,Ahmed Hassan,procurement@novatrading.com,+46 910 1787165,Cardamom (Green),Argentina,Not Mentioned
Summit Exports,John Doe,john@summitagro.net,+59 940 6008576,Cinnamon Stick,Argentina,Not Mentioned
Nova Holdings,Hiroshi Tanaka,hiroshi@novaagro.net,+25 712 3324438,Mustard Seeds,Pakistan,Not Mentioned
Royal Foods,Nour El-Din,nour@royalagro.net,+40 292 4528577,Mustard Seeds,Brazil,Not Mentioned
Apex Ventures,Kareem Abdul,procurement@apextrading.com,+16 150 8257473,Lentils,Turkey,Not Mentioned
Stellar Exports,William Jones,william@stellaragro.net,+70 445 7420631,1509 Basmati Rice,Thailand,Not Mentioned
Atlas Exports,Tariq Aziz,tariq@atlasagro.net,+34 302 8113128,Cardamom (Green),USA,Not Mentioned
Elite Agro LLC,Chen Wu,chen@eliteagro.net,+61 693 9777479,Walnuts,Brazil,Not Mentioned
Summit Logistics,John Doe,procurement@summittrading.com,+70 641 9217731,1401 Basmati Rice,Thailand,Not Mentioned
Pioneer Distributors,David Miller,procurement@pioneertrading.com,+21 594 6692940,Coriander Seeds,Vietnam,Not Mentioned
Horizon Agro LLC,Mohammed Al-Fayed,mohammed@horizonagro.net,+15 994 2189893,1121 Basmati Rice,Turkey,Not Mentioned
Universal Ventures,Elena Rossi,procurement@universaltrading.com,+57 155 6782866,Arabica Coffee,Vietnam,Not Mentioned
Gulf Foods,John Doe,procurement@gulftrading.com,+12 601 1828696,Wheat,Thailand,Not Mentioned
Stellar Logistics,Mohammed Al-Fayed,mohammed@stellaragro.net,+87 977 7089546,Saffron,Turkey,Not Mentioned
Universal Logistics,Lucas Silva,lucas@universalagro.net,+2 983 1452800,Lentils,USA,Not Mentioned
Universal Ventures,Anna Muller,procurement@universaltrading.com,+87 544 7116004,IR 64 Rice,Thailand,Not Mentioned
Summit Holdings,Tariq Aziz,procurement@summittrading.com,+93 275 2961227,Coriander Seeds,Indonesia,Not Mentioned
Crest General Trading,David Miller,procurement@cresttrading.com,+53 356 5866580,Mustard Seeds,Argentina,Not Mentioned
Prime Agro LLC,Sarah Connor,procurement@primetrading.com,+49 781 4709333,Arabica Coffee,Thailand,Not Mentioned
Global Imports,Kareem Abdul,procurement@globaltrading.com,+15 831 4322662,1509 Basmati Rice,Thailand,Not Mentioned
Summit General Trading,Hiroshi Tanaka,hiroshi@summitagro.net,+45 350 5985659,Dates (Khajoor),Argentina,Not Mentioned
Horizon Enterprises,Aisha Rahman,aisha@horizonagro.net,+68 443 1444067,Turmeric Finger,Indonesia,Not Mentioned
Ocean Agro LLC,Elena Rossi,procurement@oceantrading.com,+6 876 4835493,Turmeric Finger,Vietnam,Not Mentioned
Summit Imports,Nour El-Din,nour@summitagro.net,+64 986 4126595,Jaggery,Argentina,Not Mentioned
Desert Ventures,Elena Rossi,elena@desertagro.net,+44 524 4742156,Lentils,Pakistan,Not Mentioned
Atlas Logistics,Li Wei,procurement@atlastrading.com,+35 338 9213978,1401 Basmati Rice,India,Not Mentioned
Global Suppliers,Rajesh Kumar,procurement@globaltrading.com,+97 304 6927321,Barley,Argentina,Not Mentioned
Universal General Trading,Kareem Abdul,kareem@universalagro.net,+13 700 2112568,Palm Oil,Vietnam,Not Mentioned
Gulf Exports,Fatima Zahra,procurement@gulftrading.com,+63 896 3130671,Mustard Seeds,Thailand,Not Mentioned
Pioneer Commodities,James Smith,procurement@pioneertrading.com,+79 395 5503721,Peanuts,USA,Not Mentioned
Nova Ventures,Hiroshi Tanaka,hiroshi@novaagro.net,+67 994 7590867,Apple Powder,Argentina,Not Mentioned
Crest Distributors,James Smith,james@crestagro.net,+60 277 3641074,Walnuts,India,Not Mentioned
Nova Suppliers,William Jones,william@novaagro.net,+58 232 5284577,ICUMSA 45 Sugar,Pakistan,Not Mentioned
Gulf Agro LLC,Mohammed Al-Fayed,procurement@gulftrading.com,+20 505 3792941,Wheat,USA,Not Mentioned
Royal Group,Elena Rossi,elena@royalagro.net,+21 738 2957778,1401 Basmati Rice,Turkey,Not Mentioned
Pioneer Exports,David Miller,procurement@pioneertrading.com,+32 683 7649890,Black Pepper,Turkey,Not Mentioned
Pioneer Foods,Fatima Zahra,procurement@pioneertrading.com,+12 702 6588217,ICUMSA 45 Sugar,Vietnam,Not Mentioned
Pioneer Suppliers,Mohammed Al-Fayed,mohammed@pioneeragro.net,+62 565 7034449,Mustard Seeds,Argentina,Not Mentioned
Ocean Group,Nour El-Din,procurement@oceantrading.com,+92 650 9925259,1121 Basmati Rice,Thailand,Not Mentioned
Nova Group,Mohammed Al-Fayed,procurement@novatrading.com,+14 238 8333125,Coffee,Thailand,Not Mentioned
Royal Foods,Chen Wu,procurement@royaltrading.com,+43 559 4214958,Barley,Turkey,Not Mentioned
Nova Ventures,Kareem Abdul,kareem@novaagro.net,+83 938 6436844,Raisin (Kishmish),Pakistan,Not Mentioned
Ocean General Trading,James Smith,james@oceanagro.net,+18 233 3042829,Black Pepper,USA,Not Mentioned
Global Holdings,Ahmed Hassan,ahmed@globalagro.net,+95 128 5393358,Coffee,Indonesia,Not Mentioned
Nova Distributors,Rajesh Kumar,rajesh@novaagro.net,+8 366 6353938,Banana Powder,Thailand,Not Mentioned
Nova Distributors,Mohammed Al-Fayed,mohammed@novaagro.net,+17 825 6958867,Almond,Indonesia,Not Mentioned
Continental Suppliers,Kareem Abdul,procurement@continentaltrading.com,+16 642 9907632,IR 64 Rice,Thailand,Not Mentioned
Ocean Exports,Michael Chang,procurement@oceantrading.com,+30 900 6886497,Saffron,India,Not Mentioned
Stellar Agro LLC,John Doe,john@stellaragro.net,+48 286 6874683,Fox Nuts (Makhana),Turkey,Not Mentioned
Crest Logistics,Michael Chang,procurement@cresttrading.com,+55 143 8318149,Coffee,India,Not Mentioned
Nova Trading Co.,Maria Garcia,maria@novaagro.net,+96 691 9609195,Sella Basmati Rice,Vietnam,Not Mentioned
Gulf Ventures,Tariq Aziz,tariq@gulfagro.net,+82 280 5274564,Dates (Khajoor),Vietnam,Not Mentioned
Ocean Logistics,Youssef Ibrahim,procurement@oceantrading.com,+86 373 7282854,Olive Oil,Turkey,Not Mentioned
Gulf Distributors,Anna Muller,procurement@gulftrading.com,+41 136 6258929,Arabica Coffee,India,Not Mentioned
Prime Commodities,Fatima Zahra,fatima@primeagro.net,+73 537 9615643,Coriander Seeds,Vietnam,Not Mentioned
Global Exports,Lucas Silva,procurement@globaltrading.com,+99 843 5252311,ICUMSA 45 Sugar,India,Not Mentioned
Elite Logistics,James Smith,james@eliteagro.net,+55 472 4065206,Clove,Vietnam,Not Mentioned
Horizon Holdings,James Smith,procurement@horizontrading.com,+57 528 8029970,Robusta Coffee,Turkey,Not Mentioned
Apex Holdings,Li Wei,li@apexagro.net,+92 316 9470912,Cashew Nut,Brazil,Not Mentioned
Orient Exports,Aisha Rahman,procurement@orienttrading.com,+83 962 7918802,Sunflower Oil,Vietnam,Not Mentioned
Atlas General Trading,Tariq Aziz,procurement@atlastrading.com,+27 814 9477774,ICUMSA 45 Sugar,Argentina,Not Mentioned
Universal Enterprises,Chen Wu,chen@universalagro.net,+56 986 3052377,Coriander Seeds,Vietnam,Not Mentioned
Crest Holdings,Ahmed Hassan,procurement@cresttrading.com,+81 951 3413981,Saffron,Thailand,Not Mentioned
Universal Ventures,Hiroshi Tanaka,hiroshi@universalagro.net,+71 580 5926663,Cinnamon Stick,Pakistan,Not Mentioned
Continental General Trading,Kareem Abdul,kareem@continentalagro.net,+47 845 6911049,Robusta Coffee,Indonesia,Not Mentioned
Stellar Imports,Nour El-Din,procurement@stellartrading.com,+79 639 9639707,Sunflower Oil,Argentina,Not Mentioned
Summit Imports,Mohammed Al-Fayed,mohammed@summitagro.net,+30 903 5714556,Arabica Coffee,Thailand,Not Mentioned
Horizon Group,William Jones,william@horizonagro.net,+8 537 2107774,Walnuts,Indonesia,Not Mentioned
Summit Suppliers,Isabella Fernandez,isabella@summitagro.net,+89 337 7628176,Coffee,Indonesia,Not Mentioned
Nova Foods,Chen Wu,procurement@novatrading.com,+1 137 1565989,Cardamom (Green),USA,Not Mentioned
Desert Holdings,William Jones,william@desertagro.net,+54 997 1778096,Raisin (Kishmish),Argentina,Not Mentioned
Horizon Group,Ahmed Hassan,procurement@horizontrading.com,+40 176 5541733,Wheat,USA,Not Mentioned
Desert Holdings,Aisha Rahman,aisha@desertagro.net,+44 409 1153211,Makhana,USA,Not Mentioned
Gulf Commodities,Maria Garcia,procurement@gulftrading.com,+45 566 4500046,Fox Nuts (Makhana),Vietnam,Not Mentioned
Atlas Exports,Fatima Zahra,fatima@atlasagro.net,+17 765 8802173,Lentils,India,Not Mentioned
Orient Group,David Miller,procurement@orienttrading.com,+15 153 8143820,Cashew Nut,Turkey,Not Mentioned
Horizon Group,Isabella Fernandez,procurement@horizontrading.com,+35 235 8815374,Saffron,India,Not Mentioned
Global Foods,Aisha Rahman,aisha@globalagro.net,+79 303 8364089,Clove,Turkey,Not Mentioned
Orient Exports,Elena Rossi,elena@orientagro.net,+13 391 2830771,Coffee,USA,Not Mentioned
Atlas Group,Aisha Rahman,aisha@atlasagro.net,+6 931 3376831,Saffron,Turkey,Not Mentioned
Prime Agro LLC,Anna Muller,procurement@primetrading.com,+38 688 7706554,Makhana,USA,Not Mentioned
Universal Holdings,Mohammed Al-Fayed,procurement@universaltrading.com,+66 223 6681920,1509 Basmati Rice,Vietnam,Not Mentioned
Pioneer Suppliers,Hiroshi Tanaka,hiroshi@pioneeragro.net,+5 874 1518102,Makhana,Pakistan,Not Mentioned
Crest Distributors,Sarah Connor,procurement@cresttrading.com,+51 509 3326142,Almond,Thailand,Not Mentioned
Royal Agro LLC,Maria Garcia,procurement@royaltrading.com,+91 705 7021179,Raisin (Kishmish),Argentina,Not Mentioned
Crest Holdings,Fatima Zahra,fatima@crestagro.net,+99 507 4549747,Raisin (Kishmish),Thailand,Not Mentioned
Apex Logistics,Chen Wu,procurement@apextrading.com,+31 206 4569740,Clove,Turkey,Not Mentioned
Prime Foods,Isabella Fernandez,procurement@primetrading.com,+26 576 6621210,Banana Powder,Thailand,Not Mentioned
Crest Holdings,Kareem Abdul,procurement@cresttrading.com,+67 588 2564867,Cashew Nut,USA,Not Mentioned
Nova General Trading,Anna Muller,anna@novaagro.net,+77 393 4484997,Sella Basmati Rice,Vietnam,Not Mentioned
Global Holdings,Anna Muller,procurement@globaltrading.com,+27 658 6646042,Peanuts,Vietnam,Not Mentioned
Universal Trading Co.,Rajesh Kumar,procurement@universaltrading.com,+66 849 2086214,Black Pepper,India,Not Mentioned
Crest General Trading,David Miller,procurement@cresttrading.com,+5 265 3802584,Cumin Seeds,Brazil,Not Mentioned
Global Imports,Elena Rossi,elena@globalagro.net,+17 503 9856650,Cardamom (Green),Brazil,Not Mentioned
Desert Suppliers,Li Wei,procurement@deserttrading.com,+22 924 5364466,Arabica Coffee,Vietnam,Not Mentioned
Crest Foods,Maria Garcia,procurement@cresttrading.com,+39 116 6344286,Arabica Coffee,Brazil,Not Mentioned
Nova Logistics,Chen Wu,procurement@novatrading.com,+91 630 1596824,Clove,Vietnam,Not Mentioned
Orient Ventures,Isabella Fernandez,isabella@orientagro.net,+55 301 3047660,Wheat,Brazil,Not Mentioned
Elite Ventures,Anna Muller,anna@eliteagro.net,+32 100 1276050,Fox Nuts (Makhana),Vietnam,Not Mentioned
Global Group,Mohammed Al-Fayed,procurement@globaltrading.com,+10 378 2074472,Fox Nuts (Makhana),Turkey,Not Mentioned
Atlas Group,Omar Al-Khatib,procurement@atlastrading.com,+30 339 8809942,Arabica Coffee,Pakistan,Not Mentioned
Horizon Logistics,Anna Muller,procurement@horizontrading.com,+93 212 2484939,Sesame Seeds,Thailand,Not Mentioned
Ocean Exports,Isabella Fernandez,procurement@oceantrading.com,+94 477 6305126,Mustard Seeds,USA,Not Mentioned
Desert Agro LLC,Mohammed Al-Fayed,mohammed@desertagro.net,+90 342 4571130,Fennel Seeds,Turkey,Not Mentioned
Continental Commodities,Lucas Silva,procurement@continentaltrading.com,+85 910 2518716,Turmeric Finger,Brazil,Not Mentioned
Royal Holdings,David Miller,procurement@royaltrading.com,+49 715 6782725,Robusta Coffee,Thailand,Not Mentioned
Ocean General Trading,Tariq Aziz,tariq@oceanagro.net,+49 285 5419262,Walnuts,Indonesia,Not Mentioned
Crest Imports,John Doe,procurement@cresttrading.com,+33 690 9105539,Black Pepper,Argentina,Not Mentioned
Ocean Suppliers,Rajesh Kumar,rajesh@oceanagro.net,+62 848 9553631,Palm Oil,Brazil,Not Mentioned
Atlas General Trading,James Smith,james@atlasagro.net,+73 657 1025249,Banana Powder,India,Not Mentioned
Ocean Group,Omar Al-Khatib,procurement@oceantrading.com,+43 214 6041514,Mustard Seeds,Brazil,Not Mentioned
Gulf Foods,Isabella Fernandez,isabella@gulfagro.net,+97 602 4164800,Makhana,Indonesia,Not Mentioned
Orient Logistics,Youssef Ibrahim,procurement@orienttrading.com,+70 590 8592344,Saffron,India,Not Mentioned
Nova Trading Co.,Tariq Aziz,procurement@novatrading.com,+88 877 3127137,Raisin (Kishmish),Argentina,Not Mentioned
Desert Agro LLC,Kareem Abdul,procurement@deserttrading.com,+38 838 7638441,Tamarind,Thailand,Not Mentioned
Horizon Exports,Anna Muller,procurement@horizontrading.com,+76 777 3653291,Wheat,USA,Not Mentioned
Gulf Logistics,Nour El-Din,procurement@gulftrading.com,+65 447 5376441,Palm Oil,Pakistan,Not Mentioned
Global Suppliers,Fatima Zahra,fatima@globalagro.net,+4 705 2906413,Walnuts,Turkey,Not Mentioned
Universal Imports,Li Wei,procurement@universaltrading.com,+83 755 1886276,Cardamom (Green),Indonesia,Not Mentioned
Nova General Trading,Mohammed Al-Fayed,procurement@novatrading.com,+71 736 5459681,Wheat,Turkey,Not Mentioned
Global Enterprises,Maria Garcia,procurement@globaltrading.com,+38 773 4923727,Arabica Coffee,India,Not Mentioned
Desert Group,Chen Wu,chen@desertagro.net,+64 883 6760929,Coffee,Brazil,Not Mentioned
Pioneer Ventures,Sarah Connor,procurement@pioneertrading.com,+36 978 2413652,Coffee,Turkey,Not Mentioned
Pioneer Agro LLC,Anna Muller,anna@pioneeragro.net,+78 681 1147299,IR 64 Rice,Pakistan,Not Mentioned
Nova Foods,Rajesh Kumar,procurement@novatrading.com,+96 294 3132034,Fox Nuts (Makhana),India,Not Mentioned
Elite Commodities,Fatima Zahra,fatima@eliteagro.net,+5 811 1377304,Raisin (Kishmish),USA,Not Mentioned
Atlas Enterprises,Isabella Fernandez,procurement@atlastrading.com,+15 465 2972055,Coriander Seeds,Vietnam,Not Mentioned
Apex Commodities,Nour El-Din,procurement@apextrading.com,+85 980 5305124,Raisin (Kishmish),Argentina,Not Mentioned
Stellar Agro LLC,Elena Rossi,elena@stellaragro.net,+37 735 4276805,Robusta Coffee,Indonesia,Not Mentioned
Horizon Holdings,Mohammed Al-Fayed,procurement@horizontrading.com,+42 464 8624306,Cashew Nut,Thailand,Not Mentioned
Ocean Foods,William Jones,william@oceanagro.net,+94 541 9392962,Apple Powder,Argentina,Not Mentioned
Summit Exports,William Jones,william@summitagro.net,+65 405 4775757,Black Pepper,Indonesia,Not Mentioned
Prime Distributors,Lucas Silva,lucas@primeagro.net,+75 767 6319343,Saffron,Turkey,Not Mentioned
Global Holdings,James Smith,james@globalagro.net,+58 797 5458930,Olive Oil,Brazil,Not Mentioned
Royal Trading Co.,Rajesh Kumar,rajesh@royalagro.net,+42 279 5624760,Sunflower Oil,Vietnam,Not Mentioned
Crest Distributors,Maria Garcia,maria@crestagro.net,+12 700 5776700,Cashew Nut,Indonesia,Not Mentioned
Gulf Suppliers,Li Wei,procurement@gulftrading.com,+9 207 6670714,Mustard Seeds,Brazil,Not Mentioned
Elite Holdings,Isabella Fernandez,isabella@eliteagro.net,+98 134 2425617,Barley,USA,Not Mentioned
Royal Commodities,Maria Garcia,maria@royalagro.net,+40 346 8488811,Banana Powder,Pakistan,Not Mentioned
Universal Imports,Tariq Aziz,procurement@universaltrading.com,+38 744 8085629,IR 64 Rice,Turkey,Not Mentioned
Orient Imports,Youssef Ibrahim,youssef@orientagro.net,+8 430 7207288,1401 Basmati Rice,Thailand,Not Mentioned
Orient Holdings,Mohammed Al-Fayed,mohammed@orientagro.net,+60 293 8099593,Apple Powder,Indonesia,Not Mentioned
Nova Agro LLC,Hiroshi Tanaka,procurement@novatrading.com,+76 117 8106509,Makhana,Pakistan,Not Mentioned
Apex Foods,James Smith,procurement@apextrading.com,+68 971 7515837,Fennel Seeds,Brazil,Not Mentioned
Summit Group,Maria Garcia,procurement@summittrading.com,+70 607 8727896,Robusta Coffee,Turkey,Not Mentioned
Orient Enterprises,Mohammed Al-Fayed,procurement@orienttrading.com,+65 949 9503652,Olive Oil,Vietnam,Not Mentioned
Desert Imports,Sarah Connor,procurement@deserttrading.com,+70 893 1543493,Olive Oil,Indonesia,Not Mentioned
Prime Exports,Maria Garcia,maria@primeagro.net,+66 539 4781420,Soybean Oil,Brazil,Not Mentioned
Atlas Enterprises,Chen Wu,chen@atlasagro.net,+70 978 7657012,ICUMSA 45 Sugar,Indonesia,Not Mentioned
Global Group,Tariq Aziz,tariq@globalagro.net,+45 983 4958462,Robusta Coffee,Indonesia,Not Mentioned
Crest Trading Co.,William Jones,procurement@cresttrading.com,+11 971 5577902,Turmeric Finger,Vietnam,Not Mentioned
Horizon Distributors,Omar Al-Khatib,procurement@horizontrading.com,+31 539 5195037,Saffron,Argentina,Not Mentioned
Desert Commodities,Hiroshi Tanaka,procurement@deserttrading.com,+66 942 7937504,Barley,USA,Not Mentioned
Horizon Imports,John Doe,john@horizonagro.net,+82 116 3019608,ICUMSA 45 Sugar,Brazil,Not Mentioned
Summit Imports,Omar Al-Khatib,procurement@summittrading.com,+86 889 2994991,Barley,USA,Not Mentioned
Global Distributors,Mohammed Al-Fayed,procurement@globaltrading.com,+88 688 3350925,1401 Basmati Rice,Vietnam,Not Mentioned
Gulf General Trading,Mohammed Al-Fayed,mohammed@gulfagro.net,+86 681 5434031,Fox Nuts (Makhana),Argentina,Not Mentioned
Stellar Group,John Doe,john@stellaragro.net,+55 108 5703589,Sunflower Oil,Vietnam,Not Mentioned
Apex Holdings,Nour El-Din,procurement@apextrading.com,+13 635 3441010,Sella Basmati Rice,Thailand,Not Mentioned
Desert Agro LLC,Hiroshi Tanaka,procurement@deserttrading.com,+75 500 1819683,Wheat,Pakistan,Not Mentioned
Summit Enterprises,Hiroshi Tanaka,procurement@summittrading.com,+59 850 9133904,ICUMSA 45 Sugar,India,Not Mentioned
Elite Ventures,Ahmed Hassan,procurement@elitetrading.com,+78 192 1176973,Soybean Oil,Vietnam,Not Mentioned
Gulf Agro LLC,Omar Al-Khatib,omar@gulfagro.net,+72 168 1636735,Cardamom (Green),India,Not Mentioned
Orient Group,Fatima Zahra,fatima@orientagro.net,+21 349 1095715,ICUMSA 45 Sugar,Vietnam,Not Mentioned
Ocean Trading Co.,Anna Muller,procurement@oceantrading.com,+10 104 7515649,IR 64 Rice,Indonesia,Not Mentioned
Atlas Distributors,Kareem Abdul,procurement@atlastrading.com,+50 843 2455843,Sunflower Oil,Thailand,Not Mentioned
Ocean Exports,Omar Al-Khatib,procurement@oceantrading.com,+28 942 7193735,1401 Basmati Rice,Argentina,Not Mentioned
Ocean Logistics,William Jones,procurement@oceantrading.com,+38 946 6493836,Walnuts,USA,Not Mentioned
Horizon Holdings,Anna Muller,procurement@horizontrading.com,+60 832 5758815,Almond,USA,Not Mentioned
Crest Exports,Elena Rossi,procurement@cresttrading.com,+95 608 7747338,Jaggery,Brazil,Not Mentioned
Pioneer Trading Co.,Michael Chang,procurement@pioneertrading.com,+54 326 2537667,Cashew Nut,Thailand,Not Mentioned
Pioneer Enterprises,Aisha Rahman,procurement@pioneertrading.com,+49 582 8369200,Jaggery,Indonesia,Not Mentioned
Elite Imports,James Smith,procurement@elitetrading.com,+62 668 1209040,Black Pepper,Turkey,Not Mentioned
Prime Trading Co.,John Doe,john@primeagro.net,+18 565 6221235,Palm Oil,India,Not Mentioned
Continental Logistics,Isabella Fernandez,isabella@continentalagro.net,+69 999 2466226,Cardamom (Green),USA,Not Mentioned
Orient Agro LLC,Fatima Zahra,procurement@orienttrading.com,+10 597 5850603,Palm Oil,USA,Not Mentioned
Royal Imports,Aisha Rahman,aisha@royalagro.net,+40 932 8318585,Turmeric Finger,Vietnam,Not Mentioned
Atlas Ventures,Youssef Ibrahim,youssef@atlasagro.net,+49 523 5520078,Raisin (Kishmish),Indonesia,Not Mentioned
Elite Agro LLC,Ahmed Hassan,ahmed@eliteagro.net,+22 287 6824794,Barley,Pakistan,Not Mentioned
Crest Imports,Chen Wu,chen@crestagro.net,+40 102 2339905,Black Pepper,USA,Not Mentioned
Universal Logistics,Tariq Aziz,procurement@universaltrading.com,+8 914 6755450,Olive Oil,Vietnam,Not Mentioned
Crest Distributors,Youssef Ibrahim,procurement@cresttrading.com,+45 591 4871162,Lentils,Indonesia,Not Mentioned
Continental Logistics,James Smith,james@continentalagro.net,+69 623 9188655,ICUMSA 45 Sugar,India,Not Mentioned
Summit Agro LLC,Fatima Zahra,fatima@summitagro.net,+30 738 9457941,Clove,Argentina,Not Mentioned
Apex Logistics,Nour El-Din,procurement@apextrading.com,+6 799 8489749,Cashew Nut,Argentina,Not Mentioned
Pioneer Holdings,James Smith,james@pioneeragro.net,+39 497 4343607,ICUMSA 45 Sugar,Argentina,Not Mentioned
Apex Distributors,Nour El-Din,procurement@apextrading.com,+63 230 9011018,Peanuts,Argentina,Not Mentioned
Nova Commodities,Lucas Silva,lucas@novaagro.net,+29 355 8682731,Fox Nuts (Makhana),Turkey,Not Mentioned
Crest Agro LLC,Kareem Abdul,kareem@crestagro.net,+74 682 1244042,Cardamom (Green),Thailand,Not Mentioned
Orient Ventures,Kareem Abdul,kareem@orientagro.net,+6 567 3341686,IR 64 Rice,Vietnam,Not Mentioned
Elite Agro LLC,John Doe,procurement@elitetrading.com,+19 552 5804577,Raisin (Kishmish),Vietnam,Not Mentioned
Pioneer Foods,Ahmed Hassan,procurement@pioneertrading.com,+39 686 4402275,1401 Basmati Rice,Indonesia,Not Mentioned
Royal Trading Co.,Tariq Aziz,tariq@royalagro.net,+94 133 1434039,Dates (Khajoor),Vietnam,Not Mentioned
Summit Exports,Nour El-Din,procurement@summittrading.com,+75 351 5082821,Cardamom (Green),Pakistan,Not Mentioned
Pioneer Suppliers,Lucas Silva,procurement@pioneertrading.com,+47 926 2919215,Walnuts,Vietnam,Not Mentioned
Global Enterprises,Hiroshi Tanaka,procurement@globaltrading.com,+53 128 5172148,Clove,Argentina,Not Mentioned
Elite Ventures,Sarah Connor,sarah@eliteagro.net,+1 688 2297418,ICUMSA 45 Sugar,Argentina,Not Mentioned
Crest Enterprises,Omar Al-Khatib,procurement@cresttrading.com,+26 886 5617845,Coffee,Brazil,Not Mentioned
Universal General Trading,Chen Wu,chen@universalagro.net,+1 750 6343692,Coffee,Brazil,Not Mentioned
Ocean Exports,Lucas Silva,procurement@oceantrading.com,+76 102 8077036,Coriander Seeds,Pakistan,Not Mentioned
Royal Trading Co.,Kareem Abdul,kareem@royalagro.net,+47 678 7040662,1509 Basmati Rice,Thailand,Not Mentioned
Atlas Trading Co.,John Doe,john@atlasagro.net,+86 961 9008026,Peanuts,Turkey,Not Mentioned
Atlas Suppliers,Elena Rossi,procurement@atlastrading.com,+80 311 1490674,Robusta Coffee,Argentina,Not Mentioned
Ocean Exports,David Miller,procurement@oceantrading.com,+71 223 8530776,Jaggery,Vietnam,Not Mentioned
Apex Holdings,Isabella Fernandez,procurement@apextrading.com,+89 292 4647658,Cinnamon Stick,USA,Not Mentioned
Atlas Logistics,Hiroshi Tanaka,procurement@atlastrading.com,+26 163 6889527,Cardamom (Green),USA,Not Mentioned
Summit Suppliers,Tariq Aziz,procurement@summittrading.com,+24 816 8642460,1121 Basmati Rice,India,Not Mentioned
Crest Suppliers,David Miller,procurement@cresttrading.com,+87 649 6864466,Cardamom (Green),Pakistan,Not Mentioned
Atlas Imports,William Jones,procurement@atlastrading.com,+22 859 6781825,Banana Powder,India,Not Mentioned
Summit Foods,Maria Garcia,maria@summitagro.net,+75 264 3345249,Wheat,Argentina,Not Mentioned
Global Group,Ahmed Hassan,ahmed@globalagro.net,+88 705 8379798,Black Pepper,India,Not Mentioned
Nova Suppliers,Ahmed Hassan,procurement@novatrading.com,+65 572 7037334,Robusta Coffee,Argentina,Not Mentioned
Nova Distributors,John Doe,procurement@novatrading.com,+25 192 6693559,1401 Basmati Rice,Argentina,Not Mentioned
Ocean Suppliers,Anna Muller,procurement@oceantrading.com,+54 215 1150482,1121 Basmati Rice,Vietnam,Not Mentioned
Orient Enterprises,Isabella Fernandez,procurement@orienttrading.com,+94 522 9533020,Black Pepper,India,Not Mentioned
Orient Holdings,Maria Garcia,maria@orientagro.net,+48 132 1849986,Coriander Seeds,Argentina,Not Mentioned
Gulf Commodities,William Jones,william@gulfagro.net,+38 967 5642065,Palm Oil,India,Not Mentioned
Nova Holdings,Maria Garcia,maria@novaagro.net,+88 528 8117005,Palm Oil,Thailand,Not Mentioned
Desert Agro LLC,Lucas Silva,procurement@deserttrading.com,+52 134 2868822,Sesame Seeds,Argentina,Not Mentioned
Gulf Distributors,John Doe,procurement@gulftrading.com,+97 186 6595332,Cashew Nut,Brazil,Not Mentioned
Universal Trading Co.,Maria Garcia,maria@universalagro.net,+66 487 1751393,Olive Oil,Vietnam,Not Mentioned
Continental Commodities,Elena Rossi,elena@continentalagro.net,+54 281 7550180,Arabica Coffee,Turkey,Not Mentioned
Orient Commodities,Ahmed Hassan,procurement@orienttrading.com,+53 379 1089717,Banana Powder,Brazil,Not Mentioned
Pioneer General Trading,Aisha Rahman,procurement@pioneertrading.com,+75 899 3282974,Sella Basmati Rice,USA,Not Mentioned
Pioneer General Trading,Ahmed Hassan,ahmed@pioneeragro.net,+42 334 1355817,Raisin (Kishmish),Turkey,Not Mentioned
Global Distributors,Elena Rossi,elena@globalagro.net,+11 347 6452808,Turmeric Finger,USA,Not Mentioned
Atlas Ventures,Tariq Aziz,procurement@atlastrading.com,+35 497 7658551,ICUMSA 45 Sugar,Brazil,Not Mentioned
Orient Exports,Nour El-Din,procurement@orienttrading.com,+88 192 1822948,Cinnamon Stick,Turkey,Not Mentioned
Pioneer Distributors,Li Wei,procurement@pioneertrading.com,+3 403 3880145,Olive Oil,Brazil,Not Mentioned
Stellar Suppliers,Ahmed Hassan,ahmed@stellaragro.net,+68 752 6296715,Sunflower Oil,India,Not Mentioned
Orient General Trading,Aisha Rahman,procurement@orienttrading.com,+62 586 7916587,Cinnamon Stick,USA,Not Mentioned
Elite Ventures,Ahmed Hassan,ahmed@eliteagro.net,+3 555 7896599,Sella Basmati Rice,Brazil,Not Mentioned
Royal Exports,John Doe,john@royalagro.net,+73 952 9462145,Fennel Seeds,Thailand,Not Mentioned
Royal Distributors,Rajesh Kumar,procurement@royaltrading.com,+21 313 8020340,Cumin Seeds,Thailand,Not Mentioned
Desert Holdings,Rajesh Kumar,rajesh@desertagro.net,+73 276 8239894,Black Pepper,Vietnam,Not Mentioned
Orient Logistics,Tariq Aziz,procurement@orienttrading.com,+25 648 7212420,Sella Basmati Rice,Vietnam,Not Mentioned
Gulf Imports,Isabella Fernandez,procurement@gulftrading.com,+30 849 5060287,Turmeric Finger,Argentina,Not Mentioned
Desert Agro LLC,Chen Wu,chen@desertagro.net,+19 888 2822368,Sella Basmati Rice,Brazil,Not Mentioned
Horizon Holdings,Tariq Aziz,tariq@horizonagro.net,+97 797 1690368,Saffron,Thailand,Not Mentioned
Stellar Trading Co.,Isabella Fernandez,isabella@stellaragro.net,+80 886 6865323,Saffron,USA,Not Mentioned
Apex Agro LLC,Anna Muller,procurement@apextrading.com,+15 438 2569453,Cinnamon Stick,Indonesia,Not Mentioned
Nova Commodities,David Miller,procurement@novatrading.com,+14 318 8834234,Dates (Khajoor),Vietnam,Not Mentioned
Horizon Imports,Rajesh Kumar,procurement@horizontrading.com,+25 238 2740379,Fennel Seeds,Indonesia,Not Mentioned
Desert Group,David Miller,procurement@deserttrading.com,+5 755 1368716,Saffron,Turkey,Not Mentioned
Continental Foods,Tariq Aziz,tariq@continentalagro.net,+24 171 9590237,Almond,Pakistan,Not Mentioned
Pioneer General Trading,Kareem Abdul,kareem@pioneeragro.net,+84 283 6600937,Soybean Oil,Turkey,Not Mentioned
Orient Commodities,Lucas Silva,procurement@orienttrading.com,+49 278 1077039,Banana Powder,Vietnam,Not Mentioned
Apex Commodities,Chen Wu,procurement@apextrading.com,+79 186 5147491,Wheat,Indonesia,Not Mentioned
Stellar Commodities,John Doe,procurement@stellartrading.com,+23 749 6184044,Tamarind,USA,Not Mentioned
Elite Group,Lucas Silva,procurement@elitetrading.com,+75 894 9704682,Saffron,Vietnam,Not Mentioned
Orient Trading Co.,Li Wei,procurement@orienttrading.com,+55 644 2356773,Raisin (Kishmish),Vietnam,Not Mentioned
Desert Commodities,Ahmed Hassan,procurement@deserttrading.com,+72 198 4403506,Black Pepper,Indonesia,Not Mentioned
Atlas Distributors,Youssef Ibrahim,youssef@atlasagro.net,+66 345 4009995,1401 Basmati Rice,Thailand,Not Mentioned
Prime Foods,Fatima Zahra,procurement@primetrading.com,+3 169 3315573,1121 Basmati Rice,Vietnam,Not Mentioned
Global Imports,James Smith,procurement@globaltrading.com,+3 888 9012297,Banana Powder,Vietnam,Not Mentioned
Atlas Commodities,Tariq Aziz,tariq@atlasagro.net,+47 837 9603325,Clove,Indonesia,Not Mentioned
Crest General Trading,John Doe,john@crestagro.net,+61 466 4883986,Sunflower Oil,Vietnam,Not Mentioned
Global Exports,Li Wei,procurement@globaltrading.com,+93 993 3218071,Fox Nuts (Makhana),Pakistan,Not Mentioned
Continental Foods,Sarah Connor,sarah@continentalagro.net,+40 752 1405255,Palm Oil,Argentina,Not Mentioned
Horizon General Trading,Maria Garcia,maria@horizonagro.net,+57 521 4708848,Saffron,Vietnam,Not Mentioned
Elite Imports,Mohammed Al-Fayed,mohammed@eliteagro.net,+62 958 3674918,Wheat,Turkey,Not Mentioned
Elite Agro LLC,William Jones,william@eliteagro.net,+76 639 8425135,Raisin (Kishmish),Thailand,Not Mentioned
Royal Foods,Isabella Fernandez,isabella@royalagro.net,+38 425 7520740,Fox Nuts (Makhana),Pakistan,Not Mentioned
Apex General Trading,Elena Rossi,elena@apexagro.net,+13 490 2314107,IR 64 Rice,Pakistan,Not Mentioned
Orient Agro LLC,Elena Rossi,elena@orientagro.net,+64 845 1440775,Robusta Coffee,Thailand,Not Mentioned
Royal Commodities,Chen Wu,chen@royalagro.net,+60 984 9004397,Sella Basmati Rice,Brazil,Not Mentioned
Apex Agro LLC,Rajesh Kumar,procurement@apextrading.com,+3 172 3054545,Fox Nuts (Makhana),Pakistan,Not Mentioned
Elite Trading Co.,William Jones,william@eliteagro.net,+94 845 4918855,Soybean Oil,Vietnam,Not Mentioned
Gulf Distributors,Ahmed Hassan,ahmed@gulfagro.net,+53 540 4029813,Wheat,Brazil,Not Mentioned
Continental Ventures,Lucas Silva,lucas@continentalagro.net,+69 783 1547819,Sella Basmati Rice,USA,Not Mentioned
Ocean Ventures,Isabella Fernandez,isabella@oceanagro.net,+65 573 2427024,Saffron,Brazil,Not Mentioned
Horizon Enterprises,Michael Chang,michael@horizonagro.net,+55 591 2906372,Peanuts,Turkey,Not Mentioned
Stellar Logistics,James Smith,james@stellaragro.net,+44 592 3656090,Almond,USA,Not Mentioned
Crest Agro LLC,William Jones,william@crestagro.net,+83 642 2111239,Coffee,Brazil,Not Mentioned
Global Commodities,Kareem Abdul,kareem@globalagro.net,+59 699 6211235,IR 64 Rice,USA,Not Mentioned
Global Holdings,Sarah Connor,procurement@globaltrading.com,+92 625 2333533,Sunflower Oil,Brazil,Not Mentioned
Ocean Ventures,Sarah Connor,sarah@oceanagro.net,+6 546 3379120,Apple Powder,Brazil,Not Mentioned
Apex Logistics,Isabella Fernandez,procurement@apextrading.com,+70 186 8670814,1509 Basmati Rice,Indonesia,Not Mentioned
Atlas Exports,David Miller,david@atlasagro.net,+4 604 1375319,Sunflower Oil,Indonesia,Not Mentioned
Summit Trading Co.,Maria Garcia,maria@summitagro.net,+55 632 7886986,Clove,Argentina,Not Mentioned
Pioneer Imports,Rajesh Kumar,procurement@pioneertrading.com,+93 196 4668463,Wheat,USA,Not Mentioned
Summit Exports,Lucas Silva,procurement@summittrading.com,+81 531 9953071,Dates (Khajoor),Vietnam,Not Mentioned
Continental Trading Co.,John Doe,procurement@continentaltrading.com,+22 593 4851413,Tamarind,Pakistan,Not Mentioned
Desert Imports,Isabella Fernandez,isabella@desertagro.net,+94 522 6410225,Banana Powder,Vietnam,Not Mentioned
Continental Enterprises,Kareem Abdul,kareem@continentalagro.net,+27 404 4618482,Peanuts,Vietnam,Not Mentioned
Stellar Distributors,Kareem Abdul,kareem@stellaragro.net,+47 704 3842076,Soybean Oil,Thailand,Not Mentioned
Global Logistics,Youssef Ibrahim,procurement@globaltrading.com,+73 503 9685083,Barley,Thailand,Not Mentioned
Atlas Suppliers,Kareem Abdul,kareem@atlasagro.net,+95 511 5820273,Cashew Nut,India,Not Mentioned
Continental Enterprises,Tariq Aziz,tariq@continentalagro.net,+95 157 4616081,Raisin (Kishmish),India,Not Mentioned
Nova Ventures,Youssef Ibrahim,procurement@novatrading.com,+27 880 4581406,Sunflower Oil,India,Not Mentioned
Desert Enterprises,William Jones,william@desertagro.net,+55 167 5708834,Fox Nuts (Makhana),Pakistan,Not Mentioned
Prime General Trading,Kareem Abdul,kareem@primeagro.net,+30 412 9060920,Wheat,Turkey,Not Mentioned
Gulf Imports,David Miller,david@gulfagro.net,+8 435 5016541,Cashew Nut,Argentina,Not Mentioned
Apex Imports,Kareem Abdul,kareem@apexagro.net,+40 531 6980220,Dates (Khajoor),Thailand,Not Mentioned
Global Exports,Lucas Silva,procurement@globaltrading.com,+63 416 8138573,Apple Powder,Vietnam,Not Mentioned
Summit Trading Co.,Michael Chang,procurement@summittrading.com,+18 169 9564163,Clove,Turkey,Not Mentioned
Royal Distributors,Nour El-Din,procurement@royaltrading.com,+65 311 9399976,Clove,Brazil,Not Mentioned
Orient Holdings,Li Wei,li@orientagro.net,+39 776 3951578,Wheat,Pakistan,Not Mentioned
Stellar Holdings,Sarah Connor,procurement@stellartrading.com,+20 915 8098963,IR 64 Rice,Argentina,Not Mentioned
Apex Commodities,John Doe,procurement@apextrading.com,+37 408 7754182,Fennel Seeds,India,Not Mentioned
Summit Trading Co.,Fatima Zahra,fatima@summitagro.net,+77 635 5821268,Makhana,Brazil,Not Mentioned
Universal Holdings,Li Wei,li@universalagro.net,+12 698 1592511,Apple Powder,Argentina,Not Mentioned
Continental Holdings,John Doe,john@continentalagro.net,+50 708 9760730,Mustard Seeds,Vietnam,Not Mentioned
Stellar Agro LLC,Aisha Rahman,procurement@stellartrading.com,+23 466 4642428,1401 Basmati Rice,Argentina,Not Mentioned
Universal Foods,Sarah Connor,sarah@universalagro.net,+36 431 4640375,Banana Powder,USA,Not Mentioned
Universal General Trading,Tariq Aziz,tariq@universalagro.net,+5 313 2963996,Dates (Khajoor),Indonesia,Not Mentioned
Apex Agro LLC,Hiroshi Tanaka,procurement@apextrading.com,+87 583 2994771,Saffron,USA,Not Mentioned
Horizon Group,Anna Muller,procurement@horizontrading.com,+69 222 4883504,Raisin (Kishmish),Indonesia,Not Mentioned
Universal Logistics,Aisha Rahman,aisha@universalagro.net,+64 973 4616397,Coriander Seeds,USA,Not Mentioned
Desert Logistics,Hiroshi Tanaka,hiroshi@desertagro.net,+44 604 2407779,Arabica Coffee,Indonesia,Not Mentioned
Apex Exports,Kareem Abdul,kareem@apexagro.net,+11 875 3038876,Jaggery,Turkey,Not Mentioned
Global Ventures,John Doe,procurement@globaltrading.com,+9 223 4055818,IR 64 Rice,Indonesia,Not Mentioned
Apex Group,Youssef Ibrahim,youssef@apexagro.net,+21 296 9838052,Cinnamon Stick,Turkey,Not Mentioned
Nova Imports,Omar Al-Khatib,procurement@novatrading.com,+30 241 5762930,Fox Nuts (Makhana),Thailand,Not Mentioned
Continental Group,David Miller,david@continentalagro.net,+67 723 6337973,Dates (Khajoor),Indonesia,Not Mentioned
Prime Ventures,Aisha Rahman,procurement@primetrading.com,+64 240 3802520,Sunflower Oil,Pakistan,Not Mentioned
Gulf General Trading,Youssef Ibrahim,youssef@gulfagro.net,+36 173 6239634,Mustard Seeds,Indonesia,Not Mentioned
Universal Ventures,Anna Muller,anna@universalagro.net,+28 910 7372465,Black Pepper,Brazil,Not Mentioned
Summit Exports,Michael Chang,michael@summitagro.net,+47 660 6753715,Sunflower Oil,Pakistan,Not Mentioned
Universal General Trading,Nour El-Din,procurement@universaltrading.com,+22 835 5114552,Makhana,Brazil,Not Mentioned
Gulf Holdings,Michael Chang,procurement@gulftrading.com,+95 672 8366924,Fox Nuts (Makhana),Indonesia,Not Mentioned
Orient Ventures,David Miller,procurement@orienttrading.com,+35 914 3881114,Fox Nuts (Makhana),India,Not Mentioned
Continental Suppliers,John Doe,procurement@continentaltrading.com,+86 474 5805425,1121 Basmati Rice,Vietnam,Not Mentioned
Crest Trading Co.,Ahmed Hassan,procurement@cresttrading.com,+94 455 5653432,Mustard Seeds,Turkey,Not Mentioned
Orient Foods,Isabella Fernandez,procurement@orienttrading.com,+50 752 9957846,Peanuts,USA,Not Mentioned
Universal Exports,William Jones,william@universalagro.net,+77 188 2178706,Coffee,Indonesia,Not Mentioned
Pioneer Agro LLC,Maria Garcia,procurement@pioneertrading.com,+97 406 3569195,Fennel Seeds,Turkey,Not Mentioned
Global Ventures,Rajesh Kumar,rajesh@globalagro.net,+33 872 2998557,Coffee,Pakistan,Not Mentioned
Global Commodities,Isabella Fernandez,isabella@globalagro.net,+48 329 7266464,1509 Basmati Rice,Turkey,Not Mentioned
Royal Foods,Elena Rossi,elena@royalagro.net,+20 980 2635756,Clove,Turkey,Not Mentioned
Nova Foods,Maria Garcia,maria@novaagro.net,+46 889 8118620,Saffron,Thailand,Not Mentioned
Crest Commodities,David Miller,david@crestagro.net,+16 405 5686133,Turmeric Finger,Argentina,Not Mentioned
Stellar Trading Co.,Youssef Ibrahim,youssef@stellaragro.net,+69 233 9116626,Jaggery,Pakistan,Not Mentioned
Apex Imports,Fatima Zahra,procurement@apextrading.com,+3 795 4012353,Mustard Seeds,India,Not Mentioned
Horizon Trading Co.,Rajesh Kumar,procurement@horizontrading.com,+1 878 7467751,ICUMSA 45 Sugar,USA,Not Mentioned
Elite Foods,Elena Rossi,procurement@elitetrading.com,+23 795 4035887,Robusta Coffee,Indonesia,Not Mentioned
Horizon Holdings,Lucas Silva,lucas@horizonagro.net,+40 779 3412857,Raisin (Kishmish),Pakistan,Not Mentioned
Global Exports,Sarah Connor,sarah@globalagro.net,+87 734 3647058,Makhana,Vietnam,Not Mentioned
Orient Agro LLC,Ahmed Hassan,ahmed@orientagro.net,+18 914 6839028,Barley,Vietnam,Not Mentioned
Royal Agro LLC,Michael Chang,procurement@royaltrading.com,+49 571 8048118,Turmeric Finger,Turkey,Not Mentioned
Universal Group,Mohammed Al-Fayed,procurement@universaltrading.com,+31 436 1796343,Saffron,Thailand,Not Mentioned
Nova Commodities,Isabella Fernandez,procurement@novatrading.com,+48 654 9828119,Dates (Khajoor),Thailand,Not Mentioned
Global Commodities,Nour El-Din,nour@globalagro.net,+83 851 6115371,Sunflower Oil,Pakistan,Not Mentioned
Desert Commodities,Michael Chang,procurement@deserttrading.com,+59 277 7751601,Makhana,Turkey,Not Mentioned
Nova Holdings,Sarah Connor,procurement@novatrading.com,+60 497 3315889,1401 Basmati Rice,Turkey,Not Mentioned
Universal Distributors,Anna Muller,procurement@universaltrading.com,+42 566 4093856,Black Pepper,Pakistan,Not Mentioned
Royal Imports,James Smith,james@royalagro.net,+78 635 4514350,Cinnamon Stick,USA,Not Mentioned
Continental Holdings,Tariq Aziz,procurement@continentaltrading.com,+95 869 3378943,1121 Basmati Rice,USA,Not Mentioned
Desert Imports,Elena Rossi,elena@desertagro.net,+42 192 9482778,Almond,Vietnam,Not Mentioned
Prime Commodities,Isabella Fernandez,procurement@primetrading.com,+77 995 8280104,Walnuts,Argentina,Not Mentioned
Prime Group,Chen Wu,chen@primeagro.net,+49 970 3709813,Walnuts,Argentina,Not Mentioned
Desert Enterprises,Lucas Silva,lucas@desertagro.net,+73 846 6832722,Jaggery,Argentina,Not Mentioned
Global Imports,Isabella Fernandez,isabella@globalagro.net,+96 939 2738343,Lentils,India,Not Mentioned
Gulf Enterprises,John Doe,procurement@gulftrading.com,+29 252 9609085,1121 Basmati Rice,Argentina,Not Mentioned
Continental Holdings,Elena Rossi,elena@continentalagro.net,+40 816 5433356,Cashew Nut,Vietnam,Not Mentioned
Royal Foods,Youssef Ibrahim,procurement@royaltrading.com,+70 348 6684241,Apple Powder,Brazil,Not Mentioned
Gulf Imports,Maria Garcia,procurement@gulftrading.com,+57 852 8968959,1509 Basmati Rice,Indonesia,Not Mentioned
Nova Ventures,Kareem Abdul,kareem@novaagro.net,+54 298 3328397,Jaggery,Vietnam,Not Mentioned
Apex Trading Co.,Li Wei,li@apexagro.net,+78 413 1193210,Sella Basmati Rice,Vietnam,Not Mentioned
Crest Distributors,Maria Garcia,maria@crestagro.net,+39 917 3057935,Dates (Khajoor),Brazil,Not Mentioned
Global Exports,Kareem Abdul,kareem@globalagro.net,+49 307 1969534,Apple Powder,Pakistan,Not Mentioned
Orient Suppliers,William Jones,procurement@orienttrading.com,+3 301 5452706,Walnuts,Vietnam,Not Mentioned
Desert Enterprises,James Smith,james@desertagro.net,+58 870 3532817,Cumin Seeds,Brazil,Not Mentioned
Gulf Commodities,Kareem Abdul,procurement@gulftrading.com,+68 229 6224176,Wheat,USA,Not Mentioned
Stellar Logistics,Michael Chang,procurement@stellartrading.com,+38 227 1416660,Walnuts,Vietnam,Not Mentioned
Desert Commodities,Anna Muller,procurement@deserttrading.com,+97 848 7318667,1509 Basmati Rice,Turkey,Not Mentioned
Nova Group,David Miller,procurement@novatrading.com,+77 635 9727745,Palm Oil,USA,Not Mentioned
Elite General Trading,Rajesh Kumar,rajesh@eliteagro.net,+15 941 8175014,Cinnamon Stick,India,Not Mentioned
Atlas Logistics,Hiroshi Tanaka,hiroshi@atlasagro.net,+55 850 1844772,Cinnamon Stick,Thailand,Not Mentioned
Atlas General Trading,Li Wei,procurement@atlastrading.com,+94 288 7429049,1401 Basmati Rice,Vietnam,Not Mentioned
Stellar Distributors,Mohammed Al-Fayed,mohammed@stellaragro.net,+61 323 3160976,Soybean Oil,Brazil,Not Mentioned
Ocean Enterprises,Mohammed Al-Fayed,mohammed@oceanagro.net,+63 391 9656254,Dates (Khajoor),Pakistan,Not Mentioned
Summit Trading Co.,James Smith,procurement@summittrading.com,+55 860 6012018,Clove,Indonesia,Not Mentioned
Orient Foods,Anna Muller,procurement@orienttrading.com,+58 285 3910477,Sesame Seeds,Turkey,Not Mentioned
Atlas Holdings,Fatima Zahra,procurement@atlastrading.com,+72 240 3577343,1121 Basmati Rice,Argentina,Not Mentioned
Prime Distributors,Sarah Connor,sarah@primeagro.net,+92 969 8028694,Lentils,Turkey,Not Mentioned
Nova Distributors,Lucas Silva,lucas@novaagro.net,+85 431 8567992,Arabica Coffee,Pakistan,Not Mentioned
Royal Enterprises,Elena Rossi,elena@royalagro.net,+87 858 1503398,Cashew Nut,Brazil,Not Mentioned
Apex Ventures,Aisha Rahman,aisha@apexagro.net,+5 723 4175746,Clove,USA,Not Mentioned
Stellar Imports,Rajesh Kumar,rajesh@stellaragro.net,+87 745 1178646,ICUMSA 45 Sugar,Thailand,Not Mentioned
Crest Group,Nour El-Din,nour@crestagro.net,+74 699 6212250,Fox Nuts (Makhana),Brazil,Not Mentioned
Royal Distributors,Rajesh Kumar,rajesh@royalagro.net,+1 596 8263108,Coriander Seeds,Argentina,Not Mentioned
Orient Distributors,Anna Muller,anna@orientagro.net,+76 955 2275935,Black Pepper,Brazil,Not Mentioned
Gulf Logistics,Isabella Fernandez,isabella@gulfagro.net,+94 111 7041052,Arabica Coffee,Brazil,Not Mentioned
Atlas Foods,Mohammed Al-Fayed,procurement@atlastrading.com,+82 238 6221871,Wheat,Argentina,Not Mentioned
Summit Group,Sarah Connor,sarah@summitagro.net,+99 510 2127738,Black Pepper,USA,Not Mentioned
Ocean General Trading,Maria Garcia,procurement@oceantrading.com,+93 227 5432881,ICUMSA 45 Sugar,Argentina,Not Mentioned
Royal Holdings,Aisha Rahman,procurement@royaltrading.com,+18 703 5022675,Almond,USA,Not Mentioned
Prime Foods,Youssef Ibrahim,youssef@primeagro.net,+47 427 1739036,Olive Oil,Indonesia,Not Mentioned
Orient Trading Co.,Ahmed Hassan,procurement@orienttrading.com,+25 318 8707652,1121 Basmati Rice,Turkey,Not Mentioned
Gulf Trading Co.,David Miller,procurement@gulftrading.com,+27 251 8272147,Cinnamon Stick,Brazil,Not Mentioned
Horizon Distributors,Michael Chang,michael@horizonagro.net,+76 283 2196762,Dates (Khajoor),Pakistan,Not Mentioned
Nova Foods,Rajesh Kumar,rajesh@novaagro.net,+91 193 5201077,Jaggery,Turkey,Not Mentioned
Global Trading Co.,Anna Muller,anna@globalagro.net,+72 842 9135428,Coriander Seeds,Indonesia,Not Mentioned
Summit Suppliers,Ahmed Hassan,ahmed@summitagro.net,+50 324 7952700,IR 64 Rice,Thailand,Not Mentioned
Global Imports,Maria Garcia,maria@globalagro.net,+37 739 5507391,Fennel Seeds,India,Not Mentioned
Royal Imports,Nour El-Din,procurement@royaltrading.com,+35 559 6913122,Fennel Seeds,Brazil,Not Mentioned
Continental Enterprises,Anna Muller,anna@continentalagro.net,+85 888 1885575,Saffron,Pakistan,Not Mentioned
Royal Imports,Fatima Zahra,fatima@royalagro.net,+39 407 4608381,1121 Basmati Rice,Argentina,Not Mentioned
Horizon Exports,Sarah Connor,procurement@horizontrading.com,+12 185 6648137,Palm Oil,India,Not Mentioned
Royal Suppliers,Kareem Abdul,procurement@royaltrading.com,+23 719 3686796,Wheat,India,Not Mentioned
Pioneer Logistics,Nour El-Din,nour@pioneeragro.net,+41 349 5065677,Tamarind,Turkey,Not Mentioned
Summit General Trading,Anna Muller,anna@summitagro.net,+21 127 1402879,Cardamom (Green),Vietnam,Not Mentioned
Continental Imports,David Miller,procurement@continentaltrading.com,+53 758 3867502,Wheat,Brazil,Not Mentioned
Global Holdings,Isabella Fernandez,isabella@globalagro.net,+46 484 1150610,Barley,Brazil,Not Mentioned
Elite Suppliers,Ahmed Hassan,ahmed@eliteagro.net,+23 842 5616737,Jaggery,Vietnam,Not Mentioned
Atlas Trading Co.,James Smith,procurement@atlastrading.com,+78 481 9638905,Dates (Khajoor),Indonesia,Not Mentioned
Atlas Imports,John Doe,procurement@atlastrading.com,+19 209 9592157,Makhana,Vietnam,Not Mentioned
Crest Commodities,John Doe,procurement@cresttrading.com,+55 557 7123225,Olive Oil,India,Not Mentioned
Horizon Enterprises,Chen Wu,chen@horizonagro.net,+34 796 1725068,Coffee,Argentina,Not Mentioned
Atlas Distributors,Chen Wu,chen@atlasagro.net,+60 897 6964284,Peanuts,Turkey,Not Mentioned
Global General Trading,Fatima Zahra,procurement@globaltrading.com,+40 241 4088354,1401 Basmati Rice,Pakistan,Not Mentioned
Orient Enterprises,Omar Al-Khatib,procurement@orienttrading.com,+17 543 3077718,Fennel Seeds,Turkey,Not Mentioned
Apex Foods,Kareem Abdul,kareem@apexagro.net,+12 543 2992471,IR 64 Rice,USA,Not Mentioned
Stellar Agro LLC,Chen Wu,chen@stellaragro.net,+97 340 6261132,Black Pepper,Pakistan,Not Mentioned
Desert Suppliers,Mohammed Al-Fayed,mohammed@desertagro.net,+27 560 2637436,Saffron,Brazil,Not Mentioned
Prime Agro LLC,Aisha Rahman,procurement@primetrading.com,+20 950 9893708,Walnuts,Pakistan,Not Mentioned
Gulf Distributors,Anna Muller,procurement@gulftrading.com,+85 122 8792118,Dates (Khajoor),Turkey,Not Mentioned
Pioneer Holdings,Rajesh Kumar,procurement@pioneertrading.com,+96 307 5999708,Almond,Argentina,Not Mentioned
Desert Agro LLC,Elena Rossi,procurement@deserttrading.com,+94 720 6474195,Jaggery,Vietnam,Not Mentioned
Continental Enterprises,Youssef Ibrahim,procurement@continentaltrading.com,+33 375 8555179,Cardamom (Green),India,Not Mentioned
Stellar Holdings,John Doe,john@stellaragro.net,+79 383 6738308,Lentils,Pakistan,Not Mentioned
Ocean Distributors,Elena Rossi,procurement@oceantrading.com,+38 264 3078232,Apple Powder,Argentina,Not Mentioned
Desert Suppliers,Kareem Abdul,procurement@deserttrading.com,+75 670 5804404,Olive Oil,Thailand,Not Mentioned
Orient Imports,Rajesh Kumar,rajesh@orientagro.net,+63 294 8075174,Cashew Nut,Argentina,Not Mentioned
Summit Group,Tariq Aziz,procurement@summittrading.com,+13 737 3154097,Cashew Nut,Thailand,Not Mentioned
Summit Enterprises,Kareem Abdul,procurement@summittrading.com,+72 880 7568337,ICUMSA 45 Sugar,Thailand,Not Mentioned
Elite Distributors,Maria Garcia,procurement@elitetrading.com,+34 251 5064785,Apple Powder,Brazil,Not Mentioned
Stellar Enterprises,John Doe,procurement@stellartrading.com,+98 889 5650963,Turmeric Finger,Brazil,Not Mentioned
Gulf Ventures,Fatima Zahra,procurement@gulftrading.com,+10 430 6353585,Fennel Seeds,Indonesia,Not Mentioned
Orient Ventures,Omar Al-Khatib,omar@orientagro.net,+62 363 2863705,Arabica Coffee,Turkey,Not Mentioned
Crest Distributors,Li Wei,procurement@cresttrading.com,+46 779 9556956,Coffee,Argentina,Not Mentioned
Nova Agro LLC,Ahmed Hassan,procurement@novatrading.com,+76 914 6787169,Barley,Pakistan,Not Mentioned
Elite Distributors,William Jones,william@eliteagro.net,+52 640 5811166,Cardamom (Green),India,Not Mentioned
Continental Suppliers,Sarah Connor,sarah@continentalagro.net,+70 424 9384785,Apple Powder,Turkey,Not Mentioned
Stellar General Trading,Ahmed Hassan,procurement@stellartrading.com,+35 636 1664381,1121 Basmati Rice,Argentina,Not Mentioned
Crest Exports,Fatima Zahra,procurement@cresttrading.com,+22 700 2148588,Cashew Nut,Thailand,Not Mentioned
Crest Group,Maria Garcia,procurement@cresttrading.com,+49 646 2743676,Fennel Seeds,Thailand,Not Mentioned
Orient Trading Co.,James Smith,procurement@orienttrading.com,+73 429 8509958,Clove,USA,Not Mentioned
Elite Trading Co.,Sarah Connor,sarah@eliteagro.net,+54 110 1600396,Dates (Khajoor),Thailand,Not Mentioned
Royal Group,James Smith,procurement@royaltrading.com,+54 532 7266728,1401 Basmati Rice,India,Not Mentioned
Crest General Trading,Fatima Zahra,procurement@cresttrading.com,+19 201 5288993,Fox Nuts (Makhana),Brazil,Not Mentioned
Ocean Distributors,Elena Rossi,elena@oceanagro.net,+63 637 1844225,Peanuts,India,Not Mentioned
Universal Trading Co.,Elena Rossi,elena@universalagro.net,+76 524 8964097,Turmeric Finger,Indonesia,Not Mentioned
Gulf Exports,Chen Wu,chen@gulfagro.net,+4 534 1756066,Raisin (Kishmish),USA,Not Mentioned
Gulf Commodities,Aisha Rahman,procurement@gulftrading.com,+78 806 8341757,Makhana,Vietnam,Not Mentioned
Nova Foods,Tariq Aziz,procurement@novatrading.com,+31 431 4359996,Arabica Coffee,Vietnam,Not Mentioned
Orient General Trading,Isabella Fernandez,isabella@orientagro.net,+67 391 2773503,Olive Oil,Vietnam,Not Mentioned
Universal Imports,Kareem Abdul,procurement@universaltrading.com,+82 936 2883313,Black Pepper,India,Not Mentioned
Ocean General Trading,Omar Al-Khatib,procurement@oceantrading.com,+27 446 2770471,Fennel Seeds,Argentina,Not Mentioned
Desert General Trading,Sarah Connor,procurement@deserttrading.com,+79 253 1328200,Raisin (Kishmish),India,Not Mentioned
Ocean Commodities,Omar Al-Khatib,omar@oceanagro.net,+4 993 6068920,Clove,India,Not Mentioned
Continental Distributors,Hiroshi Tanaka,procurement@continentaltrading.com,+47 481 5807625,Apple Powder,Thailand,Not Mentioned
Universal Enterprises,William Jones,procurement@universaltrading.com,+60 512 8143198,Tamarind,Pakistan,Not Mentioned
Global Suppliers,Aisha Rahman,aisha@globalagro.net,+60 542 4755420,Raisin (Kishmish),USA,Not Mentioned
Summit Suppliers,Rajesh Kumar,rajesh@summitagro.net,+67 824 8356778,Wheat,USA,Not Mentioned
Horizon Imports,Michael Chang,michael@horizonagro.net,+75 363 3547719,Turmeric Finger,USA,Not Mentioned
Elite Ventures,Kareem Abdul,kareem@eliteagro.net,+54 865 5979768,1121 Basmati Rice,India,Not Mentioned
Horizon Imports,William Jones,procurement@horizontrading.com,+41 925 6503102,Raisin (Kishmish),Indonesia,Not Mentioned
Stellar Foods,Anna Muller,procurement@stellartrading.com,+75 210 4180822,Sunflower Oil,USA,Not Mentioned
Stellar Suppliers,Omar Al-Khatib,procurement@stellartrading.com,+23 880 3821285,ICUMSA 45 Sugar,Brazil,Not Mentioned
Horizon Suppliers,James Smith,procurement@horizontrading.com,+83 242 9294011,Black Pepper,Brazil,Not Mentioned
Atlas Group,Hiroshi Tanaka,hiroshi@atlasagro.net,+29 937 2155949,ICUMSA 45 Sugar,Brazil,Not Mentioned
Gulf Suppliers,Rajesh Kumar,rajesh@gulfagro.net,+11 547 8646807,Wheat,Turkey,Not Mentioned
Horizon Foods,Nour El-Din,nour@horizonagro.net,+35 941 7022785,Saffron,Pakistan,Not Mentioned
Elite Suppliers,Michael Chang,michael@eliteagro.net,+61 996 4223984,Cinnamon Stick,India,Not Mentioned
Pioneer Enterprises,Isabella Fernandez,procurement@pioneertrading.com,+52 903 9352976,Sunflower Oil,Pakistan,Not Mentioned
Stellar General Trading,Rajesh Kumar,procurement@stellartrading.com,+37 878 5962980,Peanuts,Thailand,Not Mentioned
Crest Exports,John Doe,procurement@cresttrading.com,+26 350 4075060,Jaggery,USA,Not Mentioned
Prime Suppliers,William Jones,procurement@primetrading.com,+80 481 2837477,1401 Basmati Rice,Pakistan,Not Mentioned
Royal Ventures,Anna Muller,anna@royalagro.net,+17 851 7039770,ICUMSA 45 Sugar,Turkey,Not Mentioned
Prime Holdings,Anna Muller,anna@primeagro.net,+98 816 4385113,Robusta Coffee,Turkey,Not Mentioned
Gulf Imports,Rajesh Kumar,procurement@gulftrading.com,+71 413 3449437,Banana Powder,Thailand,Not Mentioned
Crest Exports,Ahmed Hassan,ahmed@crestagro.net,+23 611 9240240,Fennel Seeds,Argentina,Not Mentioned
Ocean Distributors,Ahmed Hassan,ahmed@oceanagro.net,+66 174 5873276,Robusta Coffee,Brazil,Not Mentioned
Stellar Logistics,Rajesh Kumar,rajesh@stellaragro.net,+60 983 3207764,Raisin (Kishmish),Pakistan,Not Mentioned
Universal Imports,Michael Chang,michael@universalagro.net,+3 552 1091415,Sella Basmati Rice,USA,Not Mentioned
Gulf Ventures,Sarah Connor,procurement@gulftrading.com,+50 326 1269524,Cumin Seeds,India,Not Mentioned
Royal Distributors,Chen Wu,chen@royalagro.net,+3 715 6236483,Dates (Khajoor),Turkey,Not Mentioned
Summit Agro LLC,James Smith,procurement@summittrading.com,+79 981 3162111,1509 Basmati Rice,Brazil,Not Mentioned
Ocean Foods,Youssef Ibrahim,youssef@oceanagro.net,+92 723 6317967,Clove,Pakistan,Not Mentioned
Pioneer Enterprises,Aisha Rahman,aisha@pioneeragro.net,+22 812 7497569,IR 64 Rice,Argentina,Not Mentioned
Prime Exports,David Miller,procurement@primetrading.com,+39 364 9101927,Dates (Khajoor),Vietnam,Not Mentioned
Horizon Suppliers,Youssef Ibrahim,procurement@horizontrading.com,+93 848 1612944,Barley,India,Not Mentioned
Orient Ventures,Aisha Rahman,procurement@orienttrading.com,+27 685 6231134,Barley,India,Not Mentioned
Elite Foods,William Jones,william@eliteagro.net,+43 721 4392034,Lentils,Thailand,Not Mentioned
Continental Enterprises,Maria Garcia,maria@continentalagro.net,+93 689 3023030,Sunflower Oil,Turkey,Not Mentioned
Crest Distributors,Rajesh Kumar,procurement@cresttrading.com,+95 231 1782974,Soybean Oil,India,Not Mentioned
Orient General Trading,Youssef Ibrahim,youssef@orientagro.net,+67 188 7538529,Turmeric Finger,Indonesia,Not Mentioned
Ocean Distributors,Ahmed Hassan,procurement@oceantrading.com,+95 241 6047297,Mustard Seeds,Pakistan,Not Mentioned
Orient Commodities,Anna Muller,anna@orientagro.net,+67 442 1224929,IR 64 Rice,USA,Not Mentioned
Summit Commodities,David Miller,procurement@summittrading.com,+99 233 5795980,1401 Basmati Rice,Pakistan,Not Mentioned
Nova Exports,John Doe,procurement@novatrading.com,+25 855 2845121,Raisin (Kishmish),Indonesia,Not Mentioned
Ocean General Trading,Sarah Connor,procurement@oceantrading.com,+81 422 1808105,Coffee,Vietnam,Not Mentioned
Gulf Group,Li Wei,procurement@gulftrading.com,+62 740 7284137,Sella Basmati Rice,Thailand,Not Mentioned
Desert Suppliers,John Doe,procurement@deserttrading.com,+18 484 3113533,Palm Oil,Turkey,Not Mentioned
Crest Ventures,Lucas Silva,procurement@cresttrading.com,+52 581 3425999,Tamarind,Pakistan,Not Mentioned
Global General Trading,Rajesh Kumar,procurement@globaltrading.com,+28 360 3656120,Tamarind,India,Not Mentioned
Gulf Agro LLC,Youssef Ibrahim,youssef@gulfagro.net,+42 184 4258350,Cardamom (Green),Vietnam,Not Mentioned
Continental Commodities,John Doe,procurement@continentaltrading.com,+21 838 8966611,Banana Powder,India,Not Mentioned
Continental Logistics,Li Wei,procurement@continentaltrading.com,+84 409 4784558,Jaggery,Indonesia,Not Mentioned
Orient Agro LLC,Mohammed Al-Fayed,mohammed@orientagro.net,+31 822 1287225,1509 Basmati Rice,India,Not Mentioned
Ocean Foods,Omar Al-Khatib,omar@oceanagro.net,+81 248 4206234,Fox Nuts (Makhana),USA,Not Mentioned
Universal Suppliers,Sarah Connor,sarah@universalagro.net,+46 787 1286745,Barley,Turkey,Not Mentioned
Horizon Exports,Aisha Rahman,aisha@horizonagro.net,+31 218 3246348,Saffron,Indonesia,Not Mentioned
Prime Trading Co.,Sarah Connor,sarah@primeagro.net,+7 197 7941607,Sesame Seeds,India,Not Mentioned
Orient Commodities,Omar Al-Khatib,omar@orientagro.net,+16 556 6084722,Cashew Nut,India,Not Mentioned
Nova Agro LLC,Omar Al-Khatib,omar@novaagro.net,+70 170 6873308,Saffron,Brazil,Not Mentioned
Gulf Commodities,Youssef Ibrahim,procurement@gulftrading.com,+54 650 6686937,Robusta Coffee,Indonesia,Not Mentioned
Gulf Distributors,Maria Garcia,procurement@gulftrading.com,+27 953 2004731,Sunflower Oil,Argentina,Not Mentioned
Orient Suppliers,Ahmed Hassan,procurement@orienttrading.com,+35 962 7880572,Raisin (Kishmish),USA,Not Mentioned
Ocean Ventures,Aisha Rahman,aisha@oceanagro.net,+61 802 3546874,Fox Nuts (Makhana),Turkey,Not Mentioned
Royal Exports,Ahmed Hassan,ahmed@royalagro.net,+83 188 2533178,Banana Powder,USA,Not Mentioned
Elite Commodities,Anna Muller,anna@eliteagro.net,+70 818 3794319,Clove,USA,Not Mentioned
Atlas Group,Youssef Ibrahim,procurement@atlastrading.com,+20 197 8041522,Fox Nuts (Makhana),Argentina,Not Mentioned
Horizon Enterprises,Aisha Rahman,procurement@horizontrading.com,+35 186 6659346,Black Pepper,Vietnam,Not Mentioned
Desert Foods,Ahmed Hassan,ahmed@desertagro.net,+67 347 5488407,Fennel Seeds,Indonesia,Not Mentioned
Horizon Distributors,William Jones,william@horizonagro.net,+37 547 3501036,ICUMSA 45 Sugar,Pakistan,Not Mentioned
Ocean Enterprises,Omar Al-Khatib,omar@oceanagro.net,+77 713 1421912,Sella Basmati Rice,India,Not Mentioned
Horizon Logistics,William Jones,william@horizonagro.net,+82 582 8870800,Banana Powder,Argentina,Not Mentioned
Continental Enterprises,Aisha Rahman,procurement@continentaltrading.com,+23 565 5170733,Makhana,Thailand,Not Mentioned
Summit Ventures,Mohammed Al-Fayed,procurement@summittrading.com,+71 895 5181095,Palm Oil,Pakistan,Not Mentioned
Atlas Distributors,David Miller,procurement@atlastrading.com,+10 539 3489746,Fennel Seeds,Turkey,Not Mentioned
Summit Trading Co.,Maria Garcia,procurement@summittrading.com,+61 448 3325898,Sesame Seeds,India,Not Mentioned
Horizon Imports,Chen Wu,chen@horizonagro.net,+63 165 5878761,Cinnamon Stick,Argentina,Not Mentioned
Desert Foods,Mohammed Al-Fayed,mohammed@desertagro.net,+41 127 1010535,Arabica Coffee,Brazil,Not Mentioned
Continental Distributors,Ahmed Hassan,procurement@continentaltrading.com,+15 451 9552599,Jaggery,Indonesia,Not Mentioned
Prime Agro LLC,Ahmed Hassan,ahmed@primeagro.net,+56 711 8102564,Barley,Vietnam,Not Mentioned
Atlas Enterprises,Nour El-Din,nour@atlasagro.net,+18 502 3892885,Walnuts,Pakistan,Not Mentioned
Gulf Group,Chen Wu,procurement@gulftrading.com,+52 665 8205712,Sunflower Oil,Thailand,Not Mentioned
Continental General Trading,Aisha Rahman,procurement@continentaltrading.com,+78 839 7077999,Makhana,Pakistan,Not Mentioned
Desert Foods,Rajesh Kumar,procurement@deserttrading.com,+79 233 7975261,Turmeric Finger,USA,Not Mentioned
Desert Logistics,Omar Al-Khatib,procurement@deserttrading.com,+66 444 9848707,ICUMSA 45 Sugar,USA,Not Mentioned
Nova Imports,Mohammed Al-Fayed,mohammed@novaagro.net,+30 372 9132887,Dates (Khajoor),Argentina,Not Mentioned
Pioneer Ventures,Rajesh Kumar,rajesh@pioneeragro.net,+96 296 7341440,Robusta Coffee,Brazil,Not Mentioned
Crest Foods,Sarah Connor,procurement@cresttrading.com,+31 545 2172701,Fox Nuts (Makhana),Pakistan,Not Mentioned
Ocean Suppliers,Mohammed Al-Fayed,mohammed@oceanagro.net,+94 678 9221305,Walnuts,Pakistan,Not Mentioned
Elite Agro LLC,Nour El-Din,nour@eliteagro.net,+25 954 8401551,Robusta Coffee,Brazil,Not Mentioned
Atlas Agro LLC,Isabella Fernandez,isabella@atlasagro.net,+39 130 9007679,Robusta Coffee,Pakistan,Not Mentioned
Pioneer Ventures,Isabella Fernandez,procurement@pioneertrading.com,+95 180 4258685,Palm Oil,India,Not Mentioned
Gulf Distributors,James Smith,procurement@gulftrading.com,+27 549 2907834,IR 64 Rice,Pakistan,Not Mentioned
Desert Foods,Isabella Fernandez,isabella@desertagro.net,+85 885 4988961,Olive Oil,Indonesia,Not Mentioned
Desert Group,Hiroshi Tanaka,hiroshi@desertagro.net,+69 732 7469666,Cinnamon Stick,Brazil,Not Mentioned
Royal Exports,Aisha Rahman,aisha@royalagro.net,+23 912 1757314,Coffee,Brazil,Not Mentioned
Pioneer Agro LLC,Aisha Rahman,procurement@pioneertrading.com,+55 329 3824032,ICUMSA 45 Sugar,Thailand,Not Mentioned
Summit Distributors,James Smith,procurement@summittrading.com,+91 984 6129746,Dates (Khajoor),USA,Not Mentioned
Continental Logistics,David Miller,procurement@continentaltrading.com,+62 795 5910916,Saffron,USA,Not Mentioned
Apex Distributors,Elena Rossi,procurement@apextrading.com,+12 917 6056520,ICUMSA 45 Sugar,Indonesia,Not Mentioned
Desert Enterprises,Maria Garcia,procurement@deserttrading.com,+91 635 7801239,Sunflower Oil,Turkey,Not Mentioned
Desert Ventures,David Miller,david@desertagro.net,+54 941 6791269,Saffron,Vietnam,Not Mentioned
Crest Exports,Li Wei,li@crestagro.net,+26 842 5832036,Wheat,Argentina,Not Mentioned
Horizon Commodities,Maria Garcia,procurement@horizontrading.com,+29 213 9378502,Saffron,Turkey,Not Mentioned
Royal Foods,Anna Muller,procurement@royaltrading.com,+35 882 1250501,Apple Powder,Argentina,Not Mentioned
Horizon Foods,Lucas Silva,procurement@horizontrading.com,+16 625 4780570,Cinnamon Stick,Pakistan,Not Mentioned
Orient Agro LLC,Ahmed Hassan,ahmed@orientagro.net,+56 106 8961865,Arabica Coffee,Turkey,Not Mentioned
Nova Ventures,Isabella Fernandez,procurement@novatrading.com,+18 394 8141585,ICUMSA 45 Sugar,Thailand,Not Mentioned
Crest Suppliers,Mohammed Al-Fayed,mohammed@crestagro.net,+24 789 7404158,1401 Basmati Rice,Brazil,Not Mentioned
Continental General Trading,Isabella Fernandez,isabella@continentalagro.net,+52 493 7053075,Makhana,Argentina,Not Mentioned
Ocean Commodities,John Doe,john@oceanagro.net,+80 901 8699776,1401 Basmati Rice,Vietnam,Not Mentioned
Universal General Trading,Kareem Abdul,procurement@universaltrading.com,+89 422 4141875,Peanuts,Indonesia,Not Mentioned
Global Agro LLC,Sarah Connor,procurement@globaltrading.com,+82 633 7460389,Raisin (Kishmish),USA,Not Mentioned
Nova Foods,Lucas Silva,lucas@novaagro.net,+37 374 6449188,Wheat,Turkey,Not Mentioned
Ocean Group,Li Wei,procurement@oceantrading.com,+30 165 2911378,Jaggery,Pakistan,Not Mentioned
Crest Ventures,Sarah Connor,sarah@crestagro.net,+65 484 8528946,Sella Basmati Rice,Argentina,Not Mentioned
Atlas Group,Isabella Fernandez,isabella@atlasagro.net,+28 525 7026372,Cardamom (Green),USA,Not Mentioned
Continental Logistics,Nour El-Din,nour@continentalagro.net,+2 659 4333772,Apple Powder,Indonesia,Not Mentioned
Ocean Exports,Aisha Rahman,procurement@oceantrading.com,+23 761 4103666,Clove,India,Not Mentioned
Ocean Trading Co.,Hiroshi Tanaka,procurement@oceantrading.com,+86 672 2250885,Coriander Seeds,Turkey,Not Mentioned
Nova Foods,Fatima Zahra,procurement@novatrading.com,+51 687 2352517,Peanuts,India,Not Mentioned
Atlas Agro LLC,Aisha Rahman,procurement@atlastrading.com,+46 234 7665241,Coffee,Indonesia,Not Mentioned
Crest Foods,Maria Garcia,procurement@cresttrading.com,+88 385 2452319,Makhana,Brazil,Not Mentioned
Continental Foods,Isabella Fernandez,isabella@continentalagro.net,+52 226 8145088,Barley,Brazil,Not Mentioned
Atlas Exports,Omar Al-Khatib,omar@atlasagro.net,+31 475 5106469,Makhana,Argentina,Not Mentioned
Ocean Trading Co.,David Miller,procurement@oceantrading.com,+94 746 2187884,Palm Oil,Vietnam,Not Mentioned
Pioneer Holdings,Omar Al-Khatib,omar@pioneeragro.net,+72 206 7557940,Dates (Khajoor),USA,Not Mentioned
Orient Ventures,Rajesh Kumar,rajesh@orientagro.net,+90 920 3152073,1509 Basmati Rice,Brazil,Not Mentioned
Gulf Distributors,Nour El-Din,nour@gulfagro.net,+84 165 1544800,Raisin (Kishmish),Thailand,Not Mentioned
Summit Distributors,Isabella Fernandez,isabella@summitagro.net,+90 512 1753423,Makhana,Turkey,Not Mentioned
Ocean Logistics,Chen Wu,procurement@oceantrading.com,+14 146 1050389,Olive Oil,Argentina,Not Mentioned
Pioneer Imports,Omar Al-Khatib,omar@pioneeragro.net,+40 720 4202594,Barley,USA,Not Mentioned
Orient Group,Rajesh Kumar,procurement@orienttrading.com,+23 577 9191822,Olive Oil,Brazil,Not Mentioned
Atlas Foods,Rajesh Kumar,rajesh@atlasagro.net,+59 929 3655801,Lentils,Pakistan,Not Mentioned
Orient Group,Sarah Connor,procurement@orienttrading.com,+86 439 2819413,Almond,Thailand,Not Mentioned
Atlas Enterprises,Tariq Aziz,tariq@atlasagro.net,+16 687 5715302,Saffron,Brazil,Not Mentioned
Continental Imports,Maria Garcia,maria@continentalagro.net,+46 295 1939495,Almond,Indonesia,Not Mentioned
Royal Distributors,Chen Wu,chen@royalagro.net,+58 542 9684234,Peanuts,Argentina,Not Mentioned
Nova General Trading,William Jones,procurement@novatrading.com,+4 242 3364006,Saffron,Pakistan,Not Mentioned
Horizon Exports,Aisha Rahman,procurement@horizontrading.com,+28 500 4434051,Olive Oil,Indonesia,Not Mentioned
Ocean Foods,Rajesh Kumar,procurement@oceantrading.com,+89 341 5818184,Arabica Coffee,Argentina,Not Mentioned
Elite Imports,Kareem Abdul,procurement@elitetrading.com,+32 259 3190957,Dates (Khajoor),Argentina,Not Mentioned
Crest Holdings,James Smith,procurement@cresttrading.com,+52 510 2701115,Olive Oil,Thailand,Not Mentioned
Universal Logistics,Youssef Ibrahim,youssef@universalagro.net,+18 571 6761754,Jaggery,Vietnam,Not Mentioned
Global Holdings,Omar Al-Khatib,omar@globalagro.net,+56 693 8150499,1121 Basmati Rice,Turkey,Not Mentioned
Pioneer Suppliers,Fatima Zahra,fatima@pioneeragro.net,+52 107 2615226,Clove,Brazil,Not Mentioned
Nova Exports,Isabella Fernandez,procurement@novatrading.com,+35 375 3862369,Turmeric Finger,Argentina,Not Mentioned
Horizon Holdings,Kareem Abdul,kareem@horizonagro.net,+21 810 6197338,Black Pepper,Vietnam,Not Mentioned
Nova Group,Michael Chang,michael@novaagro.net,+30 161 6212062,Clove,Turkey,Not Mentioned
Horizon Enterprises,Sarah Connor,procurement@horizontrading.com,+46 458 1643132,Palm Oil,USA,Not Mentioned
Apex Logistics,Anna Muller,anna@apexagro.net,+43 430 9844993,Sella Basmati Rice,Brazil,Not Mentioned
Atlas Foods,Fatima Zahra,fatima@atlasagro.net,+13 879 6328687,Turmeric Finger,USA,Not Mentioned
Nova Enterprises,Omar Al-Khatib,procurement@novatrading.com,+2 220 4724170,Fennel Seeds,Argentina,Not Mentioned
Ocean Foods,Michael Chang,procurement@oceantrading.com,+11 884 7410876,Sesame Seeds,Vietnam,Not Mentioned
Atlas Agro LLC,Hiroshi Tanaka,procurement@atlastrading.com,+31 707 2401211,1509 Basmati Rice,India,Not Mentioned
Pioneer Commodities,David Miller,procurement@pioneertrading.com,+34 904 2089667,Barley,Turkey,Not Mentioned
Apex Exports,Hiroshi Tanaka,hiroshi@apexagro.net,+85 375 5466244,Peanuts,Turkey,Not Mentioned
Horizon Group,Maria Garcia,procurement@horizontrading.com,+99 310 8442947,Palm Oil,Thailand,Not Mentioned
Stellar Commodities,Anna Muller,procurement@stellartrading.com,+7 592 2164615,Coffee,Indonesia,Not Mentioned
Crest Agro LLC,Li Wei,procurement@cresttrading.com,+9 446 1125171,Cumin Seeds,Thailand,Not Mentioned
Global Suppliers,Maria Garcia,procurement@globaltrading.com,+39 123 4248976,Sesame Seeds,Argentina,Not Mentioned
Desert Distributors,Lucas Silva,lucas@desertagro.net,+49 376 3023708,Coriander Seeds,Argentina,Not Mentioned
Global Exports,Sarah Connor,procurement@globaltrading.com,+42 691 4944963,Cashew Nut,Turkey,Not Mentioned
Gulf Trading Co.,Mohammed Al-Fayed,procurement@gulftrading.com,+83 959 8478938,Almond,Vietnam,Not Mentioned
Horizon Foods,Fatima Zahra,procurement@horizontrading.com,+4 194 5159177,1121 Basmati Rice,Vietnam,Not Mentioned
Elite Distributors,Ahmed Hassan,ahmed@eliteagro.net,+32 778 4523708,Palm Oil,USA,Not Mentioned
Ocean Agro LLC,Elena Rossi,procurement@oceantrading.com,+78 244 8164774,Almond,Indonesia,Not Mentioned
Continental Exports,Lucas Silva,procurement@continentaltrading.com,+47 259 8707415,Peanuts,Vietnam,Not Mentioned
Royal General Trading,Kareem Abdul,procurement@royaltrading.com,+84 316 5809262,Sunflower Oil,USA,Not Mentioned
Desert Trading Co.,William Jones,william@desertagro.net,+10 680 5557180,Cumin Seeds,India,Not Mentioned
Orient Holdings,Mohammed Al-Fayed,procurement@orienttrading.com,+28 840 7802898,Raisin (Kishmish),Turkey,Not Mentioned
Global General Trading,Ahmed Hassan,procurement@globaltrading.com,+72 703 6850235,Almond,USA,Not Mentioned
Nova Holdings,David Miller,procurement@novatrading.com,+17 537 1431939,Fox Nuts (Makhana),USA,Not Mentioned
Continental Commodities,Nour El-Din,nour@continentalagro.net,+32 144 6174667,Mustard Seeds,Turkey,Not Mentioned
Summit Imports,Fatima Zahra,fatima@summitagro.net,+10 519 4080917,Sesame Seeds,Pakistan,Not Mentioned
Horizon Holdings,Anna Muller,anna@horizonagro.net,+50 343 6354407,1509 Basmati Rice,Pakistan,Not Mentioned
Apex Distributors,Nour El-Din,procurement@apextrading.com,+91 917 2929110,Turmeric Finger,Pakistan,Not Mentioned
Nova Group,Michael Chang,michael@novaagro.net,+24 912 6408665,Makhana,Thailand,Not Mentioned
Elite General Trading,Anna Muller,anna@eliteagro.net,+48 877 7295778,Saffron,Argentina,Not Mentioned
Summit Exports,David Miller,procurement@summittrading.com,+84 136 4781303,Walnuts,USA,Not Mentioned
Gulf Holdings,Tariq Aziz,tariq@gulfagro.net,+36 938 8906737,Sesame Seeds,Indonesia,Not Mentioned
Pioneer Distributors,David Miller,david@pioneeragro.net,+60 421 7755022,Barley,Pakistan,Not Mentioned
Elite Trading Co.,Fatima Zahra,fatima@eliteagro.net,+40 301 1924211,Olive Oil,Thailand,Not Mentioned
Atlas Distributors,Maria Garcia,maria@atlasagro.net,+38 180 3857661,Banana Powder,Thailand,Not Mentioned
Desert General Trading,Li Wei,li@desertagro.net,+85 536 7813199,Cashew Nut,India,Not Mentioned
Nova Agro LLC,Michael Chang,procurement@novatrading.com,+63 978 5798574,Banana Powder,Vietnam,Not Mentioned
Desert Group,Chen Wu,procurement@deserttrading.com,+78 253 6092516,Fennel Seeds,Indonesia,Not Mentioned
Elite Distributors,Nour El-Din,nour@eliteagro.net,+86 527 8070823,Walnuts,Thailand,Not Mentioned
Summit Distributors,Youssef Ibrahim,youssef@summitagro.net,+54 972 6162957,Banana Powder,Indonesia,Not Mentioned
Universal Commodities,Mohammed Al-Fayed,mohammed@universalagro.net,+14 682 9686024,Mustard Seeds,Pakistan,Not Mentioned
Universal Enterprises,Omar Al-Khatib,procurement@universaltrading.com,+24 709 4272573,Black Pepper,Thailand,Not Mentioned
Pioneer Suppliers,Nour El-Din,nour@pioneeragro.net,+89 175 5405659,Olive Oil,Argentina,Not Mentioned
Nova Imports,Nour El-Din,procurement@novatrading.com,+22 710 9551849,Mustard Seeds,Pakistan,Not Mentioned
Global Ventures,Tariq Aziz,procurement@globaltrading.com,+53 610 7758287,Peanuts,Vietnam,Not Mentioned
Elite Enterprises,Tariq Aziz,tariq@eliteagro.net,+41 229 7938490,ICUMSA 45 Sugar,India,Not Mentioned
Crest Suppliers,Chen Wu,chen@crestagro.net,+59 475 5671178,Wheat,Argentina,Not Mentioned
Crest General Trading,Nour El-Din,nour@crestagro.net,+46 726 2712563,Wheat,Vietnam,Not Mentioned
Apex Imports,Chen Wu,chen@apexagro.net,+64 531 6835420,Sella Basmati Rice,Vietnam,Not Mentioned
Universal Agro LLC,Sarah Connor,sarah@universalagro.net,+35 287 3779303,Sesame Seeds,Pakistan,Not Mentioned
Desert Imports,Sarah Connor,procurement@deserttrading.com,+50 820 4603446,ICUMSA 45 Sugar,Thailand,Not Mentioned
Nova Foods,Lucas Silva,lucas@novaagro.net,+95 435 2160972,Mustard Seeds,India,Not Mentioned
Stellar Enterprises,James Smith,procurement@stellartrading.com,+64 322 1733055,Soybean Oil,India,Not Mentioned
Continental Ventures,John Doe,john@continentalagro.net,+11 620 2602889,Soybean Oil,USA,Not Mentioned
Desert Group,Sarah Connor,procurement@deserttrading.com,+9 997 3589465,Clove,Turkey,Not Mentioned
Continental Ventures,Elena Rossi,procurement@continentaltrading.com,+76 413 2910978,Apple Powder,USA,Not Mentioned
Desert Exports,William Jones,william@desertagro.net,+2 814 7036019,Turmeric Finger,Turkey,Not Mentioned
Royal Trading Co.,Lucas Silva,procurement@royaltrading.com,+30 112 8174988,Black Pepper,Argentina,Not Mentioned
Continental Ventures,Maria Garcia,procurement@continentaltrading.com,+15 255 1579763,Dates (Khajoor),India,Not Mentioned
Gulf Distributors,Tariq Aziz,tariq@gulfagro.net,+9 991 3512086,Sesame Seeds,Brazil,Not Mentioned
Orient Commodities,Anna Muller,anna@orientagro.net,+71 625 5309344,Saffron,Brazil,Not Mentioned
Stellar Trading Co.,John Doe,procurement@stellartrading.com,+42 783 1711204,Fennel Seeds,Argentina,Not Mentioned
Royal Foods,William Jones,procurement@royaltrading.com,+17 827 2819343,ICUMSA 45 Sugar,Vietnam,Not Mentioned
Horizon Commodities,Anna Muller,anna@horizonagro.net,+1 661 6167401,Almond,Brazil,Not Mentioned
Desert Group,Isabella Fernandez,procurement@deserttrading.com,+23 914 1500167,Lentils,India,Not Mentioned
Royal General Trading,Lucas Silva,lucas@royalagro.net,+20 713 6746742,Fennel Seeds,Indonesia,Not Mentioned
Apex Group,Elena Rossi,elena@apexagro.net,+42 186 4916310,Coriander Seeds,Pakistan,Not Mentioned
Global Commodities,Hiroshi Tanaka,hiroshi@globalagro.net,+14 979 5848983,Tamarind,Indonesia,Not Mentioned
Nova Imports,Sarah Connor,procurement@novatrading.com,+17 511 9779853,ICUMSA 45 Sugar,Argentina,Not Mentioned
Prime Enterprises,Omar Al-Khatib,procurement@primetrading.com,+26 556 2113241,Coffee,Thailand,Not Mentioned
Pioneer Trading Co.,Nour El-Din,procurement@pioneertrading.com,+96 431 1997432,Jaggery,Pakistan,Not Mentioned
Desert Logistics,Youssef Ibrahim,procurement@deserttrading.com,+20 665 8654014,Wheat,Thailand,Not Mentioned
Global Commodities,Lucas Silva,procurement@globaltrading.com,+24 355 5497071,Cashew Nut,Turkey,Not Mentioned
Pioneer General Trading,Li Wei,procurement@pioneertrading.com,+97 622 2553994,Cardamom (Green),Pakistan,Not Mentioned
Prime Commodities,Fatima Zahra,fatima@primeagro.net,+34 614 5081650,Raisin (Kishmish),Pakistan,Not Mentioned
Universal Ventures,Mohammed Al-Fayed,procurement@universaltrading.com,+50 475 2341821,1121 Basmati Rice,Turkey,Not Mentioned
Summit Distributors,David Miller,procurement@summittrading.com,+60 167 2478604,Saffron,Pakistan,Not Mentioned
Orient Commodities,Tariq Aziz,procurement@orienttrading.com,+68 140 2829777,Black Pepper,Vietnam,Not Mentioned
Orient Group,Omar Al-Khatib,omar@orientagro.net,+72 373 5457122,Cashew Nut,Vietnam,Not Mentioned
Stellar Holdings,Sarah Connor,sarah@stellaragro.net,+59 782 1200542,Makhana,Indonesia,Not Mentioned
Prime Holdings,James Smith,james@primeagro.net,+75 408 6261002,Cardamom (Green),Argentina,Not Mentioned
Summit Enterprises,William Jones,procurement@summittrading.com,+71 963 9530706,Wheat,India,Not Mentioned
Prime Ventures,Nour El-Din,procurement@primetrading.com,+25 594 9454042,Sella Basmati Rice,Pakistan,Not Mentioned
Ocean Agro LLC,Michael Chang,michael@oceanagro.net,+58 995 3365977,Dates (Khajoor),Brazil,Not Mentioned
