Company Name,Contact Name,Email,WhatsApp Number,Commodity,Country,Quantity
Global Suppliers,Elena Rossi,procurement@globaltrading.com,+72 550 9506364,Apple Powder,Kuwait,Not Mentioned
Desert Foods,Nour El-Din,nour@desertagro.net,+54 692 4345439,Soybean Oil,Bahrain,Not Mentioned
Elite Ventures,James Smith,james@eliteagro.net,+43 850 6292348,IR 64 Rice,France,Not Mentioned
Global Agro LLC,Li Wei,procurement@globaltrading.com,+76 836 1072375,Olive Oil,Kuwait,Not Mentioned
Horizon Holdings,Li Wei,li@horizonagro.net,+73 945 6337321,ICUMSA 45 Sugar,Nigeria,Not Mentioned
Orient Foods,David Miller,david@orientagro.net,+63 663 1505531,IR 64 Rice,USA,Not Mentioned
Apex Suppliers,Maria Garcia,maria@apexagro.net,+68 658 9515582,Coriander Seeds,Malaysia,Not Mentioned
Nova Commodities,Isabella Fernandez,procurement@novatrading.com,+78 197 6822263,Clove,Bahrain,Not Mentioned
Summit Enterprises,Isabella Fernandez,isabella@summitagro.net,+30 160 4575787,Barley,Singapore,Not Mentioned
Orient General Trading,Hiroshi Tanaka,hiroshi@orientagro.net,+58 372 2390194,Mustard Seeds,Saudi Arabia,Not Mentioned
Elite Trading Co.,Elena Rossi,elena@eliteagro.net,+31 511 3598757,1121 Basmati Rice,UAE,Not Mentioned
Universal Trading Co.,Elena Rossi,elena@universalagro.net,+17 731 8511790,Mustard Seeds,Nigeria,Not Mentioned
Stellar Holdings,Lucas Silva,procurement@stellartrading.com,+25 656 8000537,Almond,Kuwait,Not Mentioned
Prime Imports,Ahmed Hassan,procurement@primetrading.com,+26 824 9455638,Raisin (Kishmish),Bahrain,Not Mentioned
Nova Foods,Hiroshi Tanaka,hiroshi@novaagro.net,+75 478 6635029,Barley,UAE,Not Mentioned
Prime Ventures,Maria Garcia,procurement@primetrading.com,+82 480 1089570,Fox Nuts (Makhana),Saudi Arabia,Not Mentioned
Crest Group,Ahmed Hassan,procurement@cresttrading.com,+84 268 9147320,1401 Basmati Rice,Kuwait,Not Mentioned
Summit Imports,William Jones,procurement@summittrading.com,+49 433 4668207,Fennel Seeds,Malaysia,Not Mentioned
Continental Distributors,Nour El-Din,procurement@continentaltrading.com,+84 299 2507564,Robusta Coffee,UAE,Not Mentioned
Elite Suppliers,David Miller,david@eliteagro.net,+94 923 2991878,Apple Powder,USA,Not Mentioned
Continental Logistics,Maria Garcia,maria@continentalagro.net,+71 816 2263550,Almond,Kuwait,Not Mentioned
Summit Distributors,Mohammed Al-Fayed,procurement@summittrading.com,+20 775 4305703,Jaggery,Oman,Not Mentioned
Orient General Trading,Isabella Fernandez,isabella@orientagro.net,+3 359 4082208,Turmeric Finger,Bahrain,Not Mentioned
Universal Exports,Lucas Silva,procurement@universaltrading.com,+85 428 4085674,Peanuts,Bahrain,Not Mentioned
Nova Imports,William Jones,william@novaagro.net,+64 521 3425220,Robusta Coffee,Bahrain,Not Mentioned
Summit Logistics,Mohammed Al-Fayed,mohammed@summitagro.net,+67 789 4370531,Coffee,UAE,Not Mentioned
Nova General Trading,Maria Garcia,procurement@novatrading.com,+63 612 5898686,Arabica Coffee,Oman,Not Mentioned
Gulf Enterprises,David Miller,procurement@gulftrading.com,+43 244 5271964,Sesame Seeds,Saudi Arabia,Not Mentioned
Orient Holdings,Michael Chang,procurement@orienttrading.com,+19 107 7332347,Peanuts,Malaysia,Not Mentioned
Global Ventures,Fatima Zahra,fatima@globalagro.net,+46 520 6425655,Cumin Seeds,Qatar,Not Mentioned
Stellar Commodities,Rajesh Kumar,rajesh@stellaragro.net,+83 773 8807270,Cashew Nut,USA,Not Mentioned
Royal Group,Nour El-Din,nour@royalagro.net,+32 277 5413112,Sunflower Oil,Malaysia,Not Mentioned
Stellar Foods,Chen Wu,procurement@stellartrading.com,+63 396 5218790,Almond,Saudi Arabia,Not Mentioned
Orient Imports,Fatima Zahra,procurement@orienttrading.com,+26 888 7231185,1121 Basmati Rice,Saudi Arabia,Not Mentioned
Desert Agro LLC,Ahmed Hassan,ahmed@desertagro.net,+73 434 6138202,Cardamom (Green),Saudi Arabia,Not Mentioned
Prime Logistics,Fatima Zahra,fatima@primeagro.net,+15 595 9150991,Saffron,UK,Not Mentioned
Desert Enterprises,Maria Garcia,maria@desertagro.net,+98 375 8766983,Wheat,France,Not Mentioned
Pioneer Foods,Anna Muller,anna@pioneeragro.net,+61 807 1300233,ICUMSA 45 Sugar,Kuwait,Not Mentioned
Royal Group,Mohammed Al-Fayed,procurement@royaltrading.com,+24 710 5482562,Sesame Seeds,UK,Not Mentioned
Crest General Trading,Hiroshi Tanaka,hiroshi@crestagro.net,+2 297 4285090,Cinnamon Stick,Bahrain,Not Mentioned
Stellar Group,Fatima Zahra,procurement@stellartrading.com,+37 732 9436554,Robusta Coffee,Malaysia,Not Mentioned
Prime Distributors,Lucas Silva,procurement@primetrading.com,+63 304 3590218,1401 Basmati Rice,Nigeria,Not Mentioned
Orient Imports,John Doe,john@orientagro.net,+88 886 9514865,1509 Basmati Rice,France,Not Mentioned
Atlas Distributors,Fatima Zahra,fatima@atlasagro.net,+68 303 8386420,Tamarind,Bahrain,Not Mentioned
Continental Distributors,Ahmed Hassan,ahmed@continentalagro.net,+34 519 8833436,Makhana,Bahrain,Not Mentioned
Pioneer Holdings,Maria Garcia,maria@pioneeragro.net,+82 250 2414843,Clove,France,Not Mentioned
Royal Imports,Kareem Abdul,kareem@royalagro.net,+28 136 3675992,Mustard Seeds,Kuwait,Not Mentioned
Elite Group,Maria Garcia,procurement@elitetrading.com,+56 916 5225440,Fennel Seeds,Bahrain,Not Mentioned
Continental Foods,David Miller,procurement@continentaltrading.com,+87 748 5089284,Cinnamon Stick,Oman,Not Mentioned
Stellar Trading Co.,Sarah Connor,procurement@stellartrading.com,+64 697 2172318,Cardamom (Green),Nigeria,Not Mentioned
Nova Holdings,Lucas Silva,procurement@novatrading.com,+72 140 1605088,Lentils,Canada,Not Mentioned
Continental Enterprises,Sarah Connor,sarah@continentalagro.net,+86 721 2139786,Cashew Nut,Nigeria,Not Mentioned
Horizon Suppliers,John Doe,procurement@horizontrading.com,+10 143 1845960,Sunflower Oil,Malaysia,Not Mentioned
Crest Suppliers,Sarah Connor,sarah@crestagro.net,+98 454 8035559,Coffee,Qatar,Not Mentioned
Elite Group,Tariq Aziz,procurement@elitetrading.com,+47 218 6968270,Clove,Nigeria,Not Mentioned
Continental Holdings,Ahmed Hassan,procurement@continentaltrading.com,+21 554 1837966,Arabica Coffee,Singapore,Not Mentioned
Pioneer Suppliers,Ahmed Hassan,procurement@pioneertrading.com,+20 742 7926201,Sunflower Oil,Malaysia,Not Mentioned
Elite Ventures,James Smith,procurement@elitetrading.com,+63 268 4863428,1401 Basmati Rice,Singapore,Not Mentioned
Gulf Suppliers,Li Wei,procurement@gulftrading.com,+33 674 4610378,Soybean Oil,Kuwait,Not Mentioned
Atlas Suppliers,Chen Wu,procurement@atlastrading.com,+81 762 2441752,Cumin Seeds,Canada,Not Mentioned
Continental Suppliers,John Doe,john@continentalagro.net,+15 596 2333207,1121 Basmati Rice,UK,Not Mentioned
Desert Foods,Elena Rossi,elena@desertagro.net,+76 331 7865523,Barley,Qatar,Not Mentioned
Ocean Imports,Maria Garcia,maria@oceanagro.net,+81 417 8387381,1401 Basmati Rice,Qatar,Not Mentioned
Apex Exports,William Jones,procurement@apextrading.com,+72 519 5462669,1121 Basmati Rice,France,Not Mentioned
Continental Commodities,Chen Wu,chen@continentalagro.net,+83 772 5919021,Jaggery,Egypt,Not Mentioned
Stellar Enterprises,Li Wei,li@stellaragro.net,+8 678 3370241,Walnuts,UAE,Not Mentioned
Horizon General Trading,Hiroshi Tanaka,procurement@horizontrading.com,+27 108 9477874,Cumin Seeds,Kuwait,Not Mentioned
Ocean Agro LLC,Omar Al-Khatib,omar@oceanagro.net,+73 593 6266253,Turmeric Finger,Qatar,Not Mentioned
Desert Holdings,Anna Muller,procurement@deserttrading.com,+24 872 3203004,Cashew Nut,France,Not Mentioned
Crest Foods,Mohammed Al-Fayed,mohammed@crestagro.net,+79 657 7167944,Apple Powder,Qatar,Not Mentioned
Prime Foods,Aisha Rahman,aisha@primeagro.net,+47 577 6390814,Coriander Seeds,Singapore,Not Mentioned
Continental Group,Kareem Abdul,procurement@continentaltrading.com,+85 492 5759467,Cumin Seeds,Egypt,Not Mentioned
Global Logistics,John Doe,john@globalagro.net,+39 115 9624229,Saffron,Canada,Not Mentioned
Continental Agro LLC,William Jones,william@continentalagro.net,+16 848 6412364,Raisin (Kishmish),France,Not Mentioned
Crest Ventures,Fatima Zahra,procurement@cresttrading.com,+48 780 3233521,Cardamom (Green),Canada,Not Mentioned
Orient Holdings,Chen Wu,procurement@orienttrading.com,+53 810 4370257,Arabica Coffee,UAE,Not Mentioned
Desert General Trading,Elena Rossi,elena@desertagro.net,+65 251 1908657,Peanuts,Oman,Not Mentioned
Stellar Distributors,David Miller,procurement@stellartrading.com,+79 748 9302562,Robusta Coffee,Kuwait,Not Mentioned
Summit Distributors,James Smith,procurement@summittrading.com,+45 969 9728722,Black Pepper,Saudi Arabia,Not Mentioned
Elite Suppliers,Li Wei,li@eliteagro.net,+53 676 9247478,Palm Oil,Nigeria,Not Mentioned
Summit Imports,David Miller,procurement@summittrading.com,+48 122 8171894,Dates (Khajoor),France,Not Mentioned
Apex Group,John Doe,procurement@apextrading.com,+16 229 2906321,ICUMSA 45 Sugar,Kuwait,Not Mentioned
Horizon Logistics,James Smith,procurement@horizontrading.com,+88 910 4369996,1121 Basmati Rice,Saudi Arabia,Not Mentioned
Elite Enterprises,Michael Chang,michael@eliteagro.net,+55 741 9861772,Turmeric Finger,Malaysia,Not Mentioned
Desert Foods,Maria Garcia,maria@desertagro.net,+98 186 5322233,Lentils,Kuwait,Not Mentioned
Stellar Suppliers,Michael Chang,michael@stellaragro.net,+40 835 2501605,Walnuts,Qatar,Not Mentioned
Summit Suppliers,Hiroshi Tanaka,procurement@summittrading.com,+13 572 8204762,Coriander Seeds,Singapore,Not Mentioned
Apex Commodities,Sarah Connor,procurement@apextrading.com,+15 715 6027041,Arabica Coffee,Singapore,Not Mentioned
Continental General Trading,Li Wei,li@continentalagro.net,+37 489 2866959,Turmeric Finger,Egypt,Not Mentioned
Atlas Holdings,Li Wei,li@atlasagro.net,+82 547 6934426,Tamarind,Canada,Not Mentioned
Elite Trading Co.,James Smith,procurement@elitetrading.com,+13 397 5583517,Wheat,USA,Not Mentioned
Desert Holdings,Maria Garcia,procurement@deserttrading.com,+50 693 6479269,Mustard Seeds,Saudi Arabia,Not Mentioned
Summit Group,Kareem Abdul,procurement@summittrading.com,+12 628 8309507,Sesame Seeds,Egypt,Not Mentioned
Ocean Foods,Youssef Ibrahim,procurement@oceantrading.com,+57 297 1178875,Cinnamon Stick,Saudi Arabia,Not Mentioned
Universal Logistics,Ahmed Hassan,procurement@universaltrading.com,+21 223 2997905,Coriander Seeds,France,Not Mentioned
Orient Commodities,Isabella Fernandez,isabella@orientagro.net,+36 677 1004463,Mustard Seeds,Malaysia,Not Mentioned
Orient Imports,Lucas Silva,procurement@orienttrading.com,+9 663 8666250,Coriander Seeds,UK,Not Mentioned
Atlas Suppliers,William Jones,procurement@atlastrading.com,+36 446 6392022,Raisin (Kishmish),Canada,Not Mentioned
Orient Suppliers,Fatima Zahra,procurement@orienttrading.com,+7 471 5597733,Raisin (Kishmish),Nigeria,Not Mentioned
Royal General Trading,David Miller,david@royalagro.net,+69 906 3479868,Walnuts,UK,Not Mentioned
Global Logistics,Michael Chang,procurement@globaltrading.com,+92 287 3066028,ICUMSA 45 Sugar,USA,Not Mentioned
Prime Agro LLC,James Smith,james@primeagro.net,+54 274 4179569,Clove,Saudi Arabia,Not Mentioned
Gulf Exports,Mohammed Al-Fayed,procurement@gulftrading.com,+85 621 7712790,Coriander Seeds,Canada,Not Mentioned
Stellar Ventures,Anna Muller,anna@stellaragro.net,+9 494 2770238,Sesame Seeds,Singapore,Not Mentioned
Continental Holdings,Omar Al-Khatib,procurement@continentaltrading.com,+15 411 2494993,Jaggery,UK,Not Mentioned
Pioneer Enterprises,Nour El-Din,nour@pioneeragro.net,+62 858 2240101,Wheat,Nigeria,Not Mentioned
Ocean Holdings,Mohammed Al-Fayed,mohammed@oceanagro.net,+38 569 7978551,Olive Oil,USA,Not Mentioned
Prime Foods,David Miller,david@primeagro.net,+57 987 6273435,Black Pepper,USA,Not Mentioned
Prime General Trading,Ahmed Hassan,procurement@primetrading.com,+91 348 8721960,Cinnamon Stick,Qatar,Not Mentioned
Global General Trading,Anna Muller,anna@globalagro.net,+72 598 2171711,Barley,USA,Not Mentioned
Royal Commodities,John Doe,procurement@royaltrading.com,+56 703 8301534,Arabica Coffee,UAE,Not Mentioned
Universal Holdings,Omar Al-Khatib,procurement@universaltrading.com,+92 835 2073056,Saffron,Kuwait,Not Mentioned
Pioneer Holdings,Michael Chang,michael@pioneeragro.net,+59 336 4971310,IR 64 Rice,Qatar,Not Mentioned
Elite Logistics,Anna Muller,procurement@elitetrading.com,+80 347 6728861,Arabica Coffee,UAE,Not Mentioned
Orient Foods,Omar Al-Khatib,procurement@orienttrading.com,+98 879 7575818,Coriander Seeds,Singapore,Not Mentioned
Pioneer Holdings,James Smith,procurement@pioneertrading.com,+2 202 4502307,Sesame Seeds,Nigeria,Not Mentioned
Desert Logistics,Rajesh Kumar,procurement@deserttrading.com,+40 923 7367867,Cardamom (Green),Saudi Arabia,Not Mentioned
Gulf Group,Nour El-Din,procurement@gulftrading.com,+26 679 1962151,Soybean Oil,Bahrain,Not Mentioned
Stellar Agro LLC,Michael Chang,michael@stellaragro.net,+86 405 1536884,Robusta Coffee,UK,Not Mentioned
Horizon Enterprises,Omar Al-Khatib,omar@horizonagro.net,+49 215 4067442,Raisin (Kishmish),UK,Not Mentioned
Nova Agro LLC,Lucas Silva,lucas@novaagro.net,+4 671 5934266,Cashew Nut,Saudi Arabia,Not Mentioned
Global Group,Elena Rossi,procurement@globaltrading.com,+94 316 1424719,Arabica Coffee,Oman,Not Mentioned
Stellar Distributors,Michael Chang,michael@stellaragro.net,+45 382 3285115,1121 Basmati Rice,France,Not Mentioned
Crest Commodities,Elena Rossi,procurement@cresttrading.com,+72 369 4672527,Sella Basmati Rice,Kuwait,Not Mentioned
Royal Group,Li Wei,li@royalagro.net,+22 973 1255273,Barley,UK,Not Mentioned
Ocean Commodities,Rajesh Kumar,rajesh@oceanagro.net,+89 792 2882165,Cashew Nut,Canada,Not Mentioned
Orient Logistics,Mohammed Al-Fayed,mohammed@orientagro.net,+43 759 6143548,1401 Basmati Rice,Qatar,Not Mentioned
Global Enterprises,Li Wei,procurement@globaltrading.com,+49 309 9346421,Banana Powder,UAE,Not Mentioned
Atlas Enterprises,Anna Muller,procurement@atlastrading.com,+62 733 3424184,ICUMSA 45 Sugar,USA,Not Mentioned
Desert Exports,Anna Muller,procurement@deserttrading.com,+36 553 5381433,Barley,USA,Not Mentioned
Crest Distributors,Michael Chang,procurement@cresttrading.com,+29 421 4602347,Almond,Qatar,Not Mentioned
Continental Distributors,Ahmed Hassan,procurement@continentaltrading.com,+8 465 4044336,Saffron,UK,Not Mentioned
Atlas Enterprises,James Smith,procurement@atlastrading.com,+13 347 7823807,Barley,Singapore,Not Mentioned
Crest Enterprises,Youssef Ibrahim,youssef@crestagro.net,+74 985 7030642,Sunflower Oil,Nigeria,Not Mentioned
Atlas Logistics,Sarah Connor,procurement@atlastrading.com,+55 981 6518107,Cumin Seeds,France,Not Mentioned
Continental General Trading,Maria Garcia,procurement@continentaltrading.com,+48 517 8801513,Walnuts,Kuwait,Not Mentioned
Elite General Trading,William Jones,william@eliteagro.net,+19 434 5905015,Soybean Oil,Oman,Not Mentioned
Ocean General Trading,Sarah Connor,procurement@oceantrading.com,+29 810 8376963,Lentils,Nigeria,Not Mentioned
Horizon Group,Anna Muller,procurement@horizontrading.com,+32 492 8554376,Arabica Coffee,Bahrain,Not Mentioned
Global Commodities,Mohammed Al-Fayed,procurement@globaltrading.com,+70 283 9971926,Arabica Coffee,USA,Not Mentioned
Atlas Imports,Isabella Fernandez,isabella@atlasagro.net,+69 530 7829284,Apple Powder,Saudi Arabia,Not Mentioned
Apex Exports,John Doe,procurement@apextrading.com,+38 151 8316641,Banana Powder,Egypt,Not Mentioned
Horizon Logistics,Li Wei,procurement@horizontrading.com,+90 975 4296365,Saffron,Nigeria,Not Mentioned
Crest Imports,Ahmed Hassan,procurement@cresttrading.com,+55 449 6293161,Arabica Coffee,Nigeria,Not Mentioned
Gulf Trading Co.,Ahmed Hassan,ahmed@gulfagro.net,+10 445 5714434,Palm Oil,Oman,Not Mentioned
Elite Suppliers,Youssef Ibrahim,procurement@elitetrading.com,+37 893 6005728,ICUMSA 45 Sugar,Kuwait,Not Mentioned
Universal Suppliers,Fatima Zahra,procurement@universaltrading.com,+65 855 9742159,Apple Powder,Nigeria,Not Mentioned
Elite Logistics,Ahmed Hassan,procurement@elitetrading.com,+28 687 2412702,Jaggery,Oman,Not Mentioned
Nova Foods,Youssef Ibrahim,procurement@novatrading.com,+37 491 7729644,Sella Basmati Rice,Singapore,Not Mentioned
Horizon Commodities,Rajesh Kumar,rajesh@horizonagro.net,+63 639 8142315,Palm Oil,France,Not Mentioned
Universal Distributors,Rajesh Kumar,rajesh@universalagro.net,+75 754 4162859,Fennel Seeds,Singapore,Not Mentioned
Desert Holdings,Lucas Silva,lucas@desertagro.net,+86 225 7101451,Coffee,UAE,Not Mentioned
Apex Imports,James Smith,james@apexagro.net,+81 427 8665082,Sesame Seeds,UK,Not Mentioned
Prime Holdings,Kareem Abdul,kareem@primeagro.net,+29 592 5365955,Makhana,Bahrain,Not Mentioned
Pioneer Foods,Tariq Aziz,procurement@pioneertrading.com,+83 623 6845307,Saffron,UAE,Not Mentioned
Universal General Trading,Tariq Aziz,tariq@universalagro.net,+27 222 5338167,Banana Powder,Kuwait,Not Mentioned
Pioneer Holdings,Hiroshi Tanaka,procurement@pioneertrading.com,+3 572 4765093,Clove,Bahrain,Not Mentioned
Nova Holdings,Li Wei,li@novaagro.net,+72 838 2328713,Almond,USA,Not Mentioned
Atlas Agro LLC,Hiroshi Tanaka,procurement@atlastrading.com,+30 649 6651501,Arabica Coffee,Qatar,Not Mentioned
Continental Group,Elena Rossi,procurement@continentaltrading.com,+1 190 3490359,Coriander Seeds,Kuwait,Not Mentioned
Summit Agro LLC,Lucas Silva,lucas@summitagro.net,+26 165 3837821,Dates (Khajoor),UK,Not Mentioned
Ocean Imports,John Doe,procurement@oceantrading.com,+68 425 7608696,1121 Basmati Rice,Nigeria,Not Mentioned
Elite Imports,Tariq Aziz,procurement@elitetrading.com,+12 872 6563787,Almond,UAE,Not Mentioned
Elite Commodities,Fatima Zahra,fatima@eliteagro.net,+22 543 8415401,Raisin (Kishmish),UAE,Not Mentioned
Orient Ventures,Sarah Connor,sarah@orientagro.net,+6 682 2876527,Arabica Coffee,Nigeria,Not Mentioned
Pioneer Holdings,Omar Al-Khatib,omar@pioneeragro.net,+69 290 6504201,Raisin (Kishmish),UK,Not Mentioned
Gulf Exports,Elena Rossi,procurement@gulftrading.com,+77 886 9285172,Cinnamon Stick,Malaysia,Not Mentioned
Ocean Distributors,Omar Al-Khatib,omar@oceanagro.net,+63 209 1058536,Sunflower Oil,UAE,Not Mentioned
Horizon Ventures,John Doe,john@horizonagro.net,+5 629 7500707,Cardamom (Green),France,Not Mentioned
Prime Logistics,Maria Garcia,procurement@primetrading.com,+11 279 4577631,Lentils,USA,Not Mentioned
Atlas Logistics,James Smith,procurement@atlastrading.com,+50 182 4683863,Clove,UAE,Not Mentioned
Elite Commodities,Lucas Silva,procurement@elitetrading.com,+52 456 8011435,Robusta Coffee,USA,Not Mentioned
Prime Commodities,Tariq Aziz,procurement@primetrading.com,+38 225 2651544,Coffee,Oman,Not Mentioned
Summit Exports,Mohammed Al-Fayed,mohammed@summitagro.net,+93 935 7682044,Saffron,Kuwait,Not Mentioned
Pioneer Agro LLC,Maria Garcia,maria@pioneeragro.net,+92 920 5807901,Jaggery,Qatar,Not Mentioned
Atlas Commodities,Ahmed Hassan,ahmed@atlasagro.net,+54 550 7424731,1401 Basmati Rice,Bahrain,Not Mentioned
Horizon General Trading,Mohammed Al-Fayed,procurement@horizontrading.com,+87 635 8913776,Cinnamon Stick,Oman,Not Mentioned
Prime Group,Mohammed Al-Fayed,mohammed@primeagro.net,+40 399 8703376,1509 Basmati Rice,USA,Not Mentioned
Crest Suppliers,Li Wei,procurement@cresttrading.com,+85 863 7022591,Mustard Seeds,Oman,Not Mentioned
Prime Enterprises,William Jones,william@primeagro.net,+90 521 9793400,Fennel Seeds,USA,Not Mentioned
Orient General Trading,John Doe,procurement@orienttrading.com,+6 878 5709622,Coffee,Nigeria,Not Mentioned
Universal Exports,Aisha Rahman,aisha@universalagro.net,+10 968 1236107,Clove,USA,Not Mentioned
Nova Exports,Youssef Ibrahim,youssef@novaagro.net,+82 320 3919143,Robusta Coffee,Singapore,Not Mentioned
Gulf Enterprises,Aisha Rahman,procurement@gulftrading.com,+28 563 2121757,Cashew Nut,Nigeria,Not Mentioned
Prime Agro LLC,Rajesh Kumar,rajesh@primeagro.net,+17 202 4477770,Olive Oil,Egypt,Not Mentioned
Atlas Commodities,Anna Muller,anna@atlasagro.net,+31 175 1774694,Sella Basmati Rice,Kuwait,Not Mentioned
Global Suppliers,Fatima Zahra,procurement@globaltrading.com,+82 227 2605697,Banana Powder,Nigeria,Not Mentioned
Summit Suppliers,Lucas Silva,procurement@summittrading.com,+25 740 4491245,1401 Basmati Rice,Singapore,Not Mentioned
Nova Distributors,Maria Garcia,procurement@novatrading.com,+68 378 6191415,Olive Oil,Malaysia,Not Mentioned
Continental Distributors,Fatima Zahra,fatima@continentalagro.net,+80 578 6912556,Sella Basmati Rice,Oman,Not Mentioned
Stellar Enterprises,Lucas Silva,lucas@stellaragro.net,+17 545 9321291,1509 Basmati Rice,Malaysia,Not Mentioned
Summit Logistics,Elena Rossi,elena@summitagro.net,+18 949 8533737,Palm Oil,UK,Not Mentioned
Stellar Commodities,Isabella Fernandez,procurement@stellartrading.com,+50 916 9366645,Apple Powder,Malaysia,Not Mentioned
Pioneer Commodities,Kareem Abdul,kareem@pioneeragro.net,+32 705 4168092,Barley,Nigeria,Not Mentioned
Pioneer Distributors,Tariq Aziz,procurement@pioneertrading.com,+10 108 2988982,Sunflower Oil,Kuwait,Not Mentioned
Desert Suppliers,John Doe,john@desertagro.net,+50 544 9758257,Cinnamon Stick,Egypt,Not Mentioned
Continental Trading Co.,Elena Rossi,procurement@continentaltrading.com,+66 895 7066935,Peanuts,France,Not Mentioned
Summit Foods,Elena Rossi,elena@summitagro.net,+12 597 2643411,1401 Basmati Rice,Nigeria,Not Mentioned
Gulf Holdings,Sarah Connor,sarah@gulfagro.net,+15 747 8592016,Cumin Seeds,UAE,Not Mentioned
Horizon Holdings,Elena Rossi,elena@horizonagro.net,+95 577 7406446,Fennel Seeds,Canada,Not Mentioned
Elite Group,Kareem Abdul,kareem@eliteagro.net,+99 977 5495349,Peanuts,Saudi Arabia,Not Mentioned
Apex Commodities,Elena Rossi,elena@apexagro.net,+72 578 7598229,Sella Basmati Rice,Kuwait,Not Mentioned
Horizon Foods,Fatima Zahra,procurement@horizontrading.com,+64 986 8841262,Wheat,UAE,Not Mentioned
Elite Exports,Li Wei,procurement@elitetrading.com,+79 693 6384461,Makhana,Nigeria,Not Mentioned
Crest Foods,Lucas Silva,lucas@crestagro.net,+97 829 6899782,Cardamom (Green),Saudi Arabia,Not Mentioned
Ocean Imports,Rajesh Kumar,rajesh@oceanagro.net,+47 215 8960071,Almond,Canada,Not Mentioned
Desert Enterprises,Tariq Aziz,procurement@deserttrading.com,+45 172 7028687,Raisin (Kishmish),Saudi Arabia,Not Mentioned
Desert Agro LLC,John Doe,john@desertagro.net,+90 129 3076633,ICUMSA 45 Sugar,Nigeria,Not Mentioned
Summit Agro LLC,Chen Wu,chen@summitagro.net,+51 397 1936393,1401 Basmati Rice,France,Not Mentioned
Continental Commodities,Nour El-Din,nour@continentalagro.net,+76 599 2583933,Banana Powder,USA,Not Mentioned
Prime Foods,Lucas Silva,procurement@primetrading.com,+65 183 4800165,1121 Basmati Rice,UK,Not Mentioned
Pioneer Enterprises,Sarah Connor,procurement@pioneertrading.com,+42 108 4808666,Lentils,Oman,Not Mentioned
Prime Logistics,James Smith,procurement@primetrading.com,+60 473 5516318,Makhana,France,Not Mentioned
Universal Commodities,Isabella Fernandez,isabella@universalagro.net,+65 209 4115193,Coriander Seeds,Singapore,Not Mentioned
Desert Agro LLC,John Doe,procurement@deserttrading.com,+45 668 5710154,Peanuts,Nigeria,Not Mentioned
Universal Exports,Li Wei,li@universalagro.net,+12 384 6035233,Turmeric Finger,UAE,Not Mentioned
Gulf Suppliers,Isabella Fernandez,isabella@gulfagro.net,+76 879 9571754,Apple Powder,Bahrain,Not Mentioned
Universal Suppliers,Fatima Zahra,fatima@universalagro.net,+79 246 5380659,Clove,Canada,Not Mentioned
Horizon Distributors,Maria Garcia,maria@horizonagro.net,+25 607 8069637,1121 Basmati Rice,France,Not Mentioned
Global Foods,Tariq Aziz,procurement@globaltrading.com,+96 461 5495320,Barley,Singapore,Not Mentioned
Nova General Trading,Li Wei,procurement@novatrading.com,+27 107 5318306,ICUMSA 45 Sugar,France,Not Mentioned
Summit Group,Chen Wu,chen@summitagro.net,+36 837 6317110,Arabica Coffee,UAE,Not Mentioned
Desert Suppliers,Ahmed Hassan,procurement@deserttrading.com,+60 671 6747922,Walnuts,USA,Not Mentioned
Desert Foods,Anna Muller,procurement@deserttrading.com,+16 224 1550771,Fox Nuts (Makhana),Egypt,Not Mentioned
Prime Holdings,Hiroshi Tanaka,hiroshi@primeagro.net,+40 107 8437176,1509 Basmati Rice,Canada,Not Mentioned
Ocean Suppliers,Nour El-Din,procurement@oceantrading.com,+13 168 7167407,Wheat,Malaysia,Not Mentioned
Global Exports,Li Wei,procurement@globaltrading.com,+72 269 6144959,Walnuts,Singapore,Not Mentioned
Ocean Foods,Michael Chang,procurement@oceantrading.com,+27 158 6308624,Raisin (Kishmish),UAE,Not Mentioned
Horizon Foods,Li Wei,procurement@horizontrading.com,+41 773 4160149,Raisin (Kishmish),France,Not Mentioned
Royal Group,Omar Al-Khatib,procurement@royaltrading.com,+57 504 6039938,Banana Powder,Qatar,Not Mentioned
Royal Commodities,Sarah Connor,procurement@royaltrading.com,+10 915 2774183,Arabica Coffee,Kuwait,Not Mentioned
Prime Imports,Omar Al-Khatib,omar@primeagro.net,+65 557 4978622,Wheat,UK,Not Mentioned
Apex Agro LLC,Anna Muller,procurement@apextrading.com,+51 720 7281205,Robusta Coffee,Qatar,Not Mentioned
Global Logistics,Lucas Silva,procurement@globaltrading.com,+74 836 8124125,Cashew Nut,UAE,Not Mentioned
Desert Ventures,Sarah Connor,procurement@deserttrading.com,+83 245 7531248,Banana Powder,UAE,Not Mentioned
Crest Enterprises,Anna Muller,anna@crestagro.net,+33 233 2587862,Tamarind,UAE,Not Mentioned
Stellar Ventures,William Jones,procurement@stellartrading.com,+61 793 4018654,Robusta Coffee,France,Not Mentioned
Royal Distributors,Youssef Ibrahim,youssef@royalagro.net,+95 876 5913646,Banana Powder,Canada,Not Mentioned
Pioneer Agro LLC,Isabella Fernandez,procurement@pioneertrading.com,+23 987 6450385,Sunflower Oil,Bahrain,Not Mentioned
Orient Suppliers,Fatima Zahra,fatima@orientagro.net,+38 892 1587489,Palm Oil,Malaysia,Not Mentioned
Horizon Trading Co.,Li Wei,procurement@horizontrading.com,+45 421 3165465,Cumin Seeds,Qatar,Not Mentioned
Global Foods,Nour El-Din,nour@globalagro.net,+67 225 4491088,1121 Basmati Rice,Kuwait,Not Mentioned
Nova Commodities,Michael Chang,procurement@novatrading.com,+36 682 2556614,Arabica Coffee,Nigeria,Not Mentioned
Desert Enterprises,Nour El-Din,nour@desertagro.net,+8 157 4986187,Coriander Seeds,Malaysia,Not Mentioned
Atlas Imports,Anna Muller,anna@atlasagro.net,+1 831 3002262,Sunflower Oil,Singapore,Not Mentioned
Royal Trading Co.,Rajesh Kumar,rajesh@royalagro.net,+7 245 9280921,Olive Oil,UAE,Not Mentioned
Stellar Imports,Lucas Silva,lucas@stellaragro.net,+89 541 6067750,Wheat,France,Not Mentioned
Horizon Holdings,Li Wei,procurement@horizontrading.com,+70 128 9004523,Coffee,Canada,Not Mentioned
Stellar Commodities,Youssef Ibrahim,procurement@stellartrading.com,+47 979 7868191,Arabica Coffee,UAE,Not Mentioned
Elite Holdings,Sarah Connor,sarah@eliteagro.net,+6 210 9396846,Olive Oil,Malaysia,Not Mentioned
Continental Holdings,Nour El-Din,nour@continentalagro.net,+5 597 1401595,Makhana,Qatar,Not Mentioned
Pioneer Suppliers,Elena Rossi,procurement@pioneertrading.com,+61 894 8608801,Makhana,Qatar,Not Mentioned
Pioneer Suppliers,Hiroshi Tanaka,hiroshi@pioneeragro.net,+11 851 1263189,Turmeric Finger,Saudi Arabia,Not Mentioned
Stellar Agro LLC,Anna Muller,anna@stellaragro.net,+24 256 8313744,Wheat,UAE,Not Mentioned
Summit Distributors,Sarah Connor,sarah@summitagro.net,+27 726 3486593,ICUMSA 45 Sugar,Saudi Arabia,Not Mentioned
Ocean Distributors,Michael Chang,procurement@oceantrading.com,+72 181 2120166,1401 Basmati Rice,Bahrain,Not Mentioned
Orient Holdings,Lucas Silva,procurement@orienttrading.com,+74 176 5607474,Robusta Coffee,Kuwait,Not Mentioned
Ocean Distributors,Lucas Silva,procurement@oceantrading.com,+51 658 8222840,Apple Powder,France,Not Mentioned
Apex Agro LLC,Michael Chang,procurement@apextrading.com,+14 604 2812654,Lentils,Nigeria,Not Mentioned
Universal Group,Isabella Fernandez,isabella@universalagro.net,+50 746 2270047,Barley,Oman,Not Mentioned
Global Logistics,Fatima Zahra,fatima@globalagro.net,+55 103 7522120,1401 Basmati Rice,Nigeria,Not Mentioned
Summit Holdings,Fatima Zahra,procurement@summittrading.com,+64 792 2981134,Barley,USA,Not Mentioned
Global Logistics,Ahmed Hassan,ahmed@globalagro.net,+86 981 6515585,Turmeric Finger,Kuwait,Not Mentioned
Nova Exports,Mohammed Al-Fayed,procurement@novatrading.com,+22 956 6644415,Tamarind,UK,Not Mentioned
Ocean Imports,David Miller,david@oceanagro.net,+97 791 9348158,Coffee,Egypt,Not Mentioned
Summit Logistics,Rajesh Kumar,rajesh@summitagro.net,+57 199 6496104,Tamarind,Oman,Not Mentioned
Royal Commodities,Lucas Silva,procurement@royaltrading.com,+17 876 6867677,Apple Powder,Singapore,Not Mentioned
Gulf Distributors,Youssef Ibrahim,procurement@gulftrading.com,+29 488 4554040,Makhana,Oman,Not Mentioned
Global Exports,Chen Wu,chen@globalagro.net,+31 453 8394643,Clove,Canada,Not Mentioned
Orient Exports,Elena Rossi,elena@orientagro.net,+7 667 7651084,Coffee,Qatar,Not Mentioned
Continental Distributors,John Doe,procurement@continentaltrading.com,+47 697 6752747,Barley,Bahrain,Not Mentioned
Royal Suppliers,Michael Chang,michael@royalagro.net,+72 468 6225109,1401 Basmati Rice,USA,Not Mentioned
Global General Trading,James Smith,james@globalagro.net,+38 807 6133095,Tamarind,UAE,Not Mentioned
Global Enterprises,Elena Rossi,elena@globalagro.net,+49 143 4972478,Clove,Saudi Arabia,Not Mentioned
Horizon Foods,Sarah Connor,procurement@horizontrading.com,+68 866 1404557,ICUMSA 45 Sugar,Qatar,Not Mentioned
Elite Imports,Chen Wu,procurement@elitetrading.com,+28 580 2809203,Walnuts,UAE,Not Mentioned
Orient Imports,Michael Chang,michael@orientagro.net,+52 672 8244279,Olive Oil,UAE,Not Mentioned
Orient Logistics,Li Wei,procurement@orienttrading.com,+76 845 6792875,Raisin (Kishmish),Nigeria,Not Mentioned
Desert Logistics,Maria Garcia,procurement@deserttrading.com,+34 987 9829523,Cumin Seeds,Nigeria,Not Mentioned
Summit Exports,Youssef Ibrahim,procurement@summittrading.com,+33 521 9215523,Clove,Canada,Not Mentioned
Orient Logistics,Anna Muller,procurement@orienttrading.com,+21 601 5283349,Wheat,Oman,Not Mentioned
Crest Logistics,James Smith,procurement@cresttrading.com,+30 194 7055445,Sesame Seeds,Bahrain,Not Mentioned
Universal Trading Co.,Nour El-Din,nour@universalagro.net,+54 531 5934908,Raisin (Kishmish),Oman,Not Mentioned
Royal Suppliers,Chen Wu,procurement@royaltrading.com,+36 944 6969426,Wheat,Egypt,Not Mentioned
Ocean Commodities,Rajesh Kumar,rajesh@oceanagro.net,+26 650 2680390,Almond,Canada,Not Mentioned
Stellar Ventures,John Doe,procurement@stellartrading.com,+41 829 1199582,1401 Basmati Rice,Qatar,Not Mentioned
Gulf Group,Youssef Ibrahim,procurement@gulftrading.com,+64 616 1534035,Banana Powder,UAE,Not Mentioned
Atlas Suppliers,Lucas Silva,procurement@atlastrading.com,+77 399 3663161,Sunflower Oil,UK,Not Mentioned
Desert Enterprises,Elena Rossi,elena@desertagro.net,+19 223 4727091,Apple Powder,Singapore,Not Mentioned
Summit Exports,Michael Chang,procurement@summittrading.com,+10 693 5422559,Sunflower Oil,Kuwait,Not Mentioned
Royal Trading Co.,Lucas Silva,lucas@royalagro.net,+37 250 8759919,Fennel Seeds,Saudi Arabia,Not Mentioned
Global Exports,Fatima Zahra,fatima@globalagro.net,+29 689 2782918,Sunflower Oil,Saudi Arabia,Not Mentioned
Global Group,Sarah Connor,sarah@globalagro.net,+48 433 6246149,Sunflower Oil,UK,Not Mentioned
Continental Exports,Maria Garcia,procurement@continentaltrading.com,+29 207 9853568,Peanuts,Kuwait,Not Mentioned
Horizon Group,Ahmed Hassan,ahmed@horizonagro.net,+55 255 2164546,Barley,USA,Not Mentioned
Global Imports,Anna Muller,anna@globalagro.net,+7 869 2514576,Barley,Egypt,Not Mentioned
Summit Holdings,Aisha Rahman,procurement@summittrading.com,+55 562 4179144,Raisin (Kishmish),USA,Not Mentioned
Crest Exports,Ahmed Hassan,ahmed@crestagro.net,+19 671 4352066,Walnuts,Malaysia,Not Mentioned
Crest Commodities,Mohammed Al-Fayed,mohammed@crestagro.net,+15 327 9261863,Jaggery,UK,Not Mentioned
Atlas Distributors,Ahmed Hassan,procurement@atlastrading.com,+92 971 1285703,Walnuts,Kuwait,Not Mentioned
Nova Imports,Anna Muller,procurement@novatrading.com,+33 410 5231621,Fennel Seeds,Singapore,Not Mentioned
Apex Ventures,Ahmed Hassan,procurement@apextrading.com,+37 371 1896176,ICUMSA 45 Sugar,Nigeria,Not Mentioned
Summit Agro LLC,Tariq Aziz,procurement@summittrading.com,+85 541 3976718,Clove,Kuwait,Not Mentioned
Pioneer Foods,Ahmed Hassan,procurement@pioneertrading.com,+26 448 3241841,Almond,UAE,Not Mentioned
Stellar Enterprises,Hiroshi Tanaka,procurement@stellartrading.com,+50 628 8988931,Raisin (Kishmish),Bahrain,Not Mentioned
Universal Holdings,Hiroshi Tanaka,procurement@universaltrading.com,+86 397 7789816,IR 64 Rice,UK,Not Mentioned
Stellar Agro LLC,Isabella Fernandez,procurement@stellartrading.com,+5 405 8499931,Tamarind,UK,Not Mentioned
Continental Foods,Hiroshi Tanaka,hiroshi@continentalagro.net,+38 645 7294790,1121 Basmati Rice,France,Not Mentioned
Orient Commodities,Chen Wu,chen@orientagro.net,+7 268 4123973,Wheat,Canada,Not Mentioned
Crest Foods,Rajesh Kumar,procurement@cresttrading.com,+28 742 5584192,Black Pepper,Qatar,Not Mentioned
Desert Holdings,Isabella Fernandez,isabella@desertagro.net,+49 674 8861702,Sesame Seeds,Nigeria,Not Mentioned
Apex Foods,Youssef Ibrahim,procurement@apextrading.com,+85 857 8154936,Jaggery,Kuwait,Not Mentioned
Orient Ventures,Isabella Fernandez,isabella@orientagro.net,+37 831 6391145,Coriander Seeds,Kuwait,Not Mentioned
Universal Logistics,Chen Wu,procurement@universaltrading.com,+60 485 6006159,1509 Basmati Rice,Nigeria,Not Mentioned
Stellar Trading Co.,William Jones,procurement@stellartrading.com,+84 694 9254171,Black Pepper,Nigeria,Not Mentioned
Pioneer Logistics,Li Wei,procurement@pioneertrading.com,+87 527 4044701,Raisin (Kishmish),Qatar,Not Mentioned
Universal Logistics,Elena Rossi,procurement@universaltrading.com,+99 826 6771511,Lentils,Egypt,Not Mentioned
Global Enterprises,Li Wei,procurement@globaltrading.com,+79 275 5977231,Peanuts,Qatar,Not Mentioned
Continental Enterprises,Nour El-Din,nour@continentalagro.net,+19 830 8008684,Tamarind,Oman,Not Mentioned
Global Trading Co.,Nour El-Din,nour@globalagro.net,+71 940 7560731,Mustard Seeds,UK,Not Mentioned
Apex Logistics,Aisha Rahman,aisha@apexagro.net,+46 511 7486473,Black Pepper,UAE,Not Mentioned
Continental Imports,James Smith,james@continentalagro.net,+97 501 3598276,Fennel Seeds,Bahrain,Not Mentioned
Desert Group,Ahmed Hassan,ahmed@desertagro.net,+25 486 3467452,Banana Powder,USA,Not Mentioned
Horizon Group,James Smith,james@horizonagro.net,+8 358 6565448,Saffron,Saudi Arabia,Not Mentioned
Royal General Trading,Sarah Connor,procurement@royaltrading.com,+8 974 3294227,Cardamom (Green),Egypt,Not Mentioned
Crest Group,Nour El-Din,procurement@cresttrading.com,+3 898 4980740,Cardamom (Green),Canada,Not Mentioned
Horizon Group,Aisha Rahman,aisha@horizonagro.net,+81 986 4659995,Robusta Coffee,Bahrain,Not Mentioned
Orient Group,Aisha Rahman,procurement@orienttrading.com,+7 430 5556290,Dates (Khajoor),France,Not Mentioned
Desert Foods,David Miller,procurement@deserttrading.com,+91 793 5064827,1121 Basmati Rice,Malaysia,Not Mentioned
Nova Group,Chen Wu,procurement@novatrading.com,+29 530 6366310,Sunflower Oil,Singapore,Not Mentioned
Global Enterprises,Chen Wu,procurement@globaltrading.com,+78 594 3068674,Coriander Seeds,Saudi Arabia,Not Mentioned
Ocean Distributors,William Jones,procurement@oceantrading.com,+17 538 5452418,Soybean Oil,Canada,Not Mentioned
Orient Imports,Aisha Rahman,aisha@orientagro.net,+97 782 7297452,Mustard Seeds,USA,Not Mentioned
Universal Ventures,Tariq Aziz,procurement@universaltrading.com,+37 173 4780844,Jaggery,Singapore,Not Mentioned
Elite Agro LLC,Kareem Abdul,procurement@elitetrading.com,+47 680 2074424,Cashew Nut,Qatar,Not Mentioned
Desert Commodities,Fatima Zahra,fatima@desertagro.net,+95 666 8641171,Barley,Egypt,Not Mentioned
Ocean Trading Co.,Nour El-Din,nour@oceanagro.net,+39 298 1632470,Soybean Oil,Qatar,Not Mentioned
Elite Suppliers,William Jones,procurement@elitetrading.com,+34 881 4787862,Banana Powder,Nigeria,Not Mentioned
Global Group,David Miller,david@globalagro.net,+4 576 8327365,Lentils,Egypt,Not Mentioned
Stellar Enterprises,Michael Chang,procurement@stellartrading.com,+45 567 9066890,Arabica Coffee,Singapore,Not Mentioned
Gulf Trading Co.,Tariq Aziz,procurement@gulftrading.com,+41 459 6704244,Almond,Egypt,Not Mentioned
Continental Agro LLC,Ahmed Hassan,procurement@continentaltrading.com,+15 219 3634229,Raisin (Kishmish),Qatar,Not Mentioned
Summit Distributors,Youssef Ibrahim,youssef@summitagro.net,+72 690 4208276,IR 64 Rice,Qatar,Not Mentioned
Nova Agro LLC,Chen Wu,procurement@novatrading.com,+20 296 8028978,Cardamom (Green),Egypt,Not Mentioned
Horizon Foods,William Jones,william@horizonagro.net,+95 404 8284483,Walnuts,Nigeria,Not Mentioned
Apex Holdings,Li Wei,li@apexagro.net,+96 824 7131233,Robusta Coffee,Saudi Arabia,Not Mentioned
Apex Trading Co.,Kareem Abdul,kareem@apexagro.net,+69 649 5084713,Saffron,Oman,Not Mentioned
Gulf Suppliers,Kareem Abdul,procurement@gulftrading.com,+61 777 3264300,Fox Nuts (Makhana),UAE,Not Mentioned
Continental Distributors,John Doe,john@continentalagro.net,+24 763 8080840,Raisin (Kishmish),Oman,Not Mentioned
Desert Holdings,Mohammed Al-Fayed,mohammed@desertagro.net,+22 589 5390584,1401 Basmati Rice,Oman,Not Mentioned
Stellar Imports,Youssef Ibrahim,youssef@stellaragro.net,+40 524 7346215,Soybean Oil,Saudi Arabia,Not Mentioned
Gulf Imports,Mohammed Al-Fayed,procurement@gulftrading.com,+26 427 3518545,Saffron,Malaysia,Not Mentioned
Global Foods,Maria Garcia,procurement@globaltrading.com,+89 486 5569569,Cashew Nut,Canada,Not Mentioned
Elite Ventures,Sarah Connor,sarah@eliteagro.net,+84 468 8116248,Coriander Seeds,USA,Not Mentioned
Horizon General Trading,John Doe,john@horizonagro.net,+14 210 6347215,1401 Basmati Rice,Saudi Arabia,Not Mentioned
Continental Suppliers,Youssef Ibrahim,youssef@continentalagro.net,+6 191 4937146,Saffron,Singapore,Not Mentioned
Orient Enterprises,Lucas Silva,procurement@orienttrading.com,+61 905 3117354,Barley,Egypt,Not Mentioned
Orient Ventures,Elena Rossi,procurement@orienttrading.com,+37 333 3068866,Cardamom (Green),Saudi Arabia,Not Mentioned
Continental Group,Omar Al-Khatib,procurement@continentaltrading.com,+59 823 7654867,Cashew Nut,Malaysia,Not Mentioned
Ocean General Trading,Mohammed Al-Fayed,mohammed@oceanagro.net,+66 161 6579898,Tamarind,UK,Not Mentioned
Continental Commodities,Tariq Aziz,tariq@continentalagro.net,+46 556 7558788,Dates (Khajoor),UAE,Not Mentioned
Elite Commodities,Omar Al-Khatib,omar@eliteagro.net,+67 216 9622495,Cinnamon Stick,Nigeria,Not Mentioned
Continental Agro LLC,Elena Rossi,elena@continentalagro.net,+49 828 4258037,Coriander Seeds,Malaysia,Not Mentioned
Ocean Foods,John Doe,john@oceanagro.net,+57 915 1763514,Sella Basmati Rice,Kuwait,Not Mentioned
Royal Exports,Chen Wu,chen@royalagro.net,+20 325 1152214,Makhana,Kuwait,Not Mentioned
Crest Foods,Tariq Aziz,tariq@crestagro.net,+51 682 6553920,Clove,Egypt,Not Mentioned
Global Holdings,Rajesh Kumar,procurement@globaltrading.com,+18 486 6330521,Coriander Seeds,Egypt,Not Mentioned
Continental Logistics,Lucas Silva,procurement@continentaltrading.com,+54 715 2464514,Sesame Seeds,Kuwait,Not Mentioned
Ocean Enterprises,Sarah Connor,procurement@oceantrading.com,+31 966 6797773,Tamarind,Nigeria,Not Mentioned
Pioneer Logistics,Lucas Silva,procurement@pioneertrading.com,+53 952 1706912,Tamarind,Qatar,Not Mentioned
Atlas Agro LLC,Kareem Abdul,procurement@atlastrading.com,+22 836 5173835,Turmeric Finger,Egypt,Not Mentioned
Orient Commodities,Aisha Rahman,procurement@orienttrading.com,+50 102 9353310,Fox Nuts (Makhana),Kuwait,Not Mentioned
Crest Suppliers,Michael Chang,michael@crestagro.net,+48 179 5906945,Walnuts,Singapore,Not Mentioned
Royal Foods,Elena Rossi,procurement@royaltrading.com,+8 668 8944911,Coriander Seeds,UK,Not Mentioned
Desert Logistics,Li Wei,li@desertagro.net,+90 542 6433813,Olive Oil,Singapore,Not Mentioned
Desert Agro LLC,Kareem Abdul,procurement@deserttrading.com,+98 269 7165531,ICUMSA 45 Sugar,UAE,Not Mentioned
Elite Ventures,Omar Al-Khatib,procurement@elitetrading.com,+56 863 2074808,Banana Powder,UAE,Not Mentioned
Apex Suppliers,William Jones,william@apexagro.net,+62 237 5412746,ICUMSA 45 Sugar,Bahrain,Not Mentioned
Apex Group,Mohammed Al-Fayed,mohammed@apexagro.net,+13 949 4710529,Cumin Seeds,UK,Not Mentioned
Gulf Agro LLC,John Doe,procurement@gulftrading.com,+60 378 6763259,Makhana,Malaysia,Not Mentioned
Global Holdings,Hiroshi Tanaka,procurement@globaltrading.com,+1 484 9772372,Wheat,France,Not Mentioned
Horizon Foods,Anna Muller,anna@horizonagro.net,+59 569 7528094,Sunflower Oil,Oman,Not Mentioned
Continental Distributors,David Miller,procurement@continentaltrading.com,+55 883 2411480,Lentils,Saudi Arabia,Not Mentioned
Continental General Trading,Tariq Aziz,tariq@continentalagro.net,+15 382 7087793,Robusta Coffee,Qatar,Not Mentioned
Global Distributors,Maria Garcia,procurement@globaltrading.com,+64 131 6148277,Coriander Seeds,Qatar,Not Mentioned
Orient Commodities,Tariq Aziz,procurement@orienttrading.com,+51 269 8249889,1509 Basmati Rice,Oman,Not Mentioned
Global Ventures,Maria Garcia,maria@globalagro.net,+10 786 1447791,Black Pepper,Canada,Not Mentioned
Elite Commodities,Lucas Silva,lucas@eliteagro.net,+80 598 2364843,Cumin Seeds,Canada,Not Mentioned
Ocean Exports,Youssef Ibrahim,procurement@oceantrading.com,+25 193 9842642,Fox Nuts (Makhana),Malaysia,Not Mentioned
Global Imports,John Doe,john@globalagro.net,+42 919 1618815,Tamarind,UK,Not Mentioned
Desert General Trading,Michael Chang,michael@desertagro.net,+56 227 4608868,Robusta Coffee,Qatar,Not Mentioned
Stellar Holdings,David Miller,procurement@stellartrading.com,+49 531 4070665,Soybean Oil,Saudi Arabia,Not Mentioned
Elite Group,Hiroshi Tanaka,procurement@elitetrading.com,+83 607 3315151,Turmeric Finger,Saudi Arabia,Not Mentioned
Continental Distributors,William Jones,william@continentalagro.net,+37 347 4214250,Arabica Coffee,Nigeria,Not Mentioned
Horizon Suppliers,Hiroshi Tanaka,hiroshi@horizonagro.net,+1 777 2130797,Jaggery,UAE,Not Mentioned
Continental Holdings,Chen Wu,procurement@continentaltrading.com,+51 291 1407127,Wheat,Nigeria,Not Mentioned
Orient Group,Aisha Rahman,aisha@orientagro.net,+36 184 4341273,Barley,Oman,Not Mentioned
Ocean Distributors,Youssef Ibrahim,procurement@oceantrading.com,+99 830 4927390,Jaggery,Egypt,Not Mentioned
Desert General Trading,Tariq Aziz,tariq@desertagro.net,+47 418 1901431,Clove,Saudi Arabia,Not Mentioned
Continental Agro LLC,Anna Muller,procurement@continentaltrading.com,+65 703 9857503,Cinnamon Stick,France,Not Mentioned
Crest Suppliers,Sarah Connor,sarah@crestagro.net,+18 749 9188083,Cashew Nut,Bahrain,Not Mentioned
Stellar Logistics,David Miller,david@stellaragro.net,+42 234 2906332,Sunflower Oil,Saudi Arabia,Not Mentioned
Orient Distributors,Hiroshi Tanaka,procurement@orienttrading.com,+92 776 6230963,1509 Basmati Rice,USA,Not Mentioned
Royal Exports,Maria Garcia,procurement@royaltrading.com,+23 612 7460497,Olive Oil,France,Not Mentioned
Nova Exports,Ahmed Hassan,procurement@novatrading.com,+6 487 7902061,Sunflower Oil,France,Not Mentioned
Nova Foods,Omar Al-Khatib,procurement@novatrading.com,+76 691 8190907,Sella Basmati Rice,Malaysia,Not Mentioned
Desert Holdings,Nour El-Din,procurement@deserttrading.com,+20 107 5762181,Walnuts,Egypt,Not Mentioned
Summit General Trading,Aisha Rahman,aisha@summitagro.net,+53 391 9009153,Sunflower Oil,France,Not Mentioned
Desert Ventures,Michael Chang,procurement@deserttrading.com,+54 734 8163989,Makhana,France,Not Mentioned
Continental Agro LLC,Ahmed Hassan,ahmed@continentalagro.net,+63 779 9704116,Fennel Seeds,UAE,Not Mentioned
Ocean General Trading,Michael Chang,michael@oceanagro.net,+19 151 2596785,Fox Nuts (Makhana),Malaysia,Not Mentioned
Universal Imports,Mohammed Al-Fayed,mohammed@universalagro.net,+81 596 7174365,Soybean Oil,Egypt,Not Mentioned
Horizon Suppliers,Hiroshi Tanaka,hiroshi@horizonagro.net,+97 673 7347187,IR 64 Rice,USA,Not Mentioned
Orient Suppliers,Elena Rossi,procurement@orienttrading.com,+53 927 3151783,Walnuts,Canada,Not Mentioned
Global Holdings,Omar Al-Khatib,procurement@globaltrading.com,+10 668 3502564,Arabica Coffee,Saudi Arabia,Not Mentioned
Apex Enterprises,Youssef Ibrahim,youssef@apexagro.net,+47 948 9565841,Mustard Seeds,Egypt,Not Mentioned
Orient Distributors,James Smith,procurement@orienttrading.com,+89 958 1112478,1509 Basmati Rice,Canada,Not Mentioned
Atlas Foods,Anna Muller,anna@atlasagro.net,+38 713 3409759,Dates (Khajoor),USA,Not Mentioned
Gulf Agro LLC,Lucas Silva,procurement@gulftrading.com,+32 616 5177397,ICUMSA 45 Sugar,UAE,Not Mentioned
Ocean Foods,Lucas Silva,procurement@oceantrading.com,+35 298 2635116,Walnuts,Malaysia,Not Mentioned
Orient Foods,Lucas Silva,procurement@orienttrading.com,+24 195 1656360,Mustard Seeds,UK,Not Mentioned
Elite Logistics,Nour El-Din,nour@eliteagro.net,+45 837 3803490,Sunflower Oil,Canada,Not Mentioned
Orient Exports,Ahmed Hassan,procurement@orienttrading.com,+30 644 6701569,Walnuts,Egypt,Not Mentioned
Gulf Agro LLC,David Miller,procurement@gulftrading.com,+4 250 4103912,Barley,UAE,Not Mentioned
Prime Exports,Youssef Ibrahim,procurement@primetrading.com,+32 585 4136693,Olive Oil,Kuwait,Not Mentioned
Elite General Trading,Rajesh Kumar,procurement@elitetrading.com,+78 793 2442395,Robusta Coffee,Canada,Not Mentioned
Ocean Enterprises,Hiroshi Tanaka,hiroshi@oceanagro.net,+52 720 5514014,Banana Powder,Oman,Not Mentioned
Crest Trading Co.,David Miller,procurement@cresttrading.com,+31 711 5721119,Mustard Seeds,Nigeria,Not Mentioned
Crest Suppliers,Hiroshi Tanaka,procurement@cresttrading.com,+51 445 6055371,Sella Basmati Rice,UAE,Not Mentioned
Horizon Exports,Ahmed Hassan,procurement@horizontrading.com,+24 597 1307228,Fox Nuts (Makhana),Qatar,Not Mentioned
Apex Exports,Michael Chang,procurement@apextrading.com,+39 550 9920894,Coriander Seeds,Egypt,Not Mentioned
Pioneer Distributors,Anna Muller,anna@pioneeragro.net,+76 463 5213367,Banana Powder,Kuwait,Not Mentioned
Royal Group,Fatima Zahra,procurement@royaltrading.com,+30 171 4452181,Dates (Khajoor),Singapore,Not Mentioned
Stellar Suppliers,Hiroshi Tanaka,hiroshi@stellaragro.net,+37 420 7535589,Peanuts,Nigeria,Not Mentioned
Elite Logistics,Mohammed Al-Fayed,procurement@elitetrading.com,+58 265 8140867,Sella Basmati Rice,France,Not Mentioned
Atlas Holdings,David Miller,procurement@atlastrading.com,+74 315 3672215,Cinnamon Stick,Oman,Not Mentioned
Global Suppliers,William Jones,procurement@globaltrading.com,+93 173 2165828,Barley,Saudi Arabia,Not Mentioned
Continental Trading Co.,Anna Muller,procurement@continentaltrading.com,+81 728 8301304,Mustard Seeds,Kuwait,Not Mentioned
Summit Enterprises,Rajesh Kumar,rajesh@summitagro.net,+46 904 6986149,Dates (Khajoor),Canada,Not Mentioned
Ocean Ventures,Maria Garcia,procurement@oceantrading.com,+15 434 9610747,Clove,Egypt,Not Mentioned
Prime Exports,Maria Garcia,procurement@primetrading.com,+8 248 3534778,Banana Powder,UK,Not Mentioned
Apex Trading Co.,Maria Garcia,maria@apexagro.net,+16 135 2526647,Arabica Coffee,Malaysia,Not Mentioned
Stellar Foods,Mohammed Al-Fayed,procurement@stellartrading.com,+89 369 7764456,Clove,Bahrain,Not Mentioned
Elite Suppliers,Nour El-Din,procurement@elitetrading.com,+16 777 7200271,Fennel Seeds,Singapore,Not Mentioned
Atlas Foods,William Jones,william@atlasagro.net,+83 420 9927031,Arabica Coffee,USA,Not Mentioned
Horizon Enterprises,Sarah Connor,procurement@horizontrading.com,+5 895 1176987,Palm Oil,Saudi Arabia,Not Mentioned
Universal Holdings,Hiroshi Tanaka,hiroshi@universalagro.net,+44 766 6596357,Tamarind,Canada,Not Mentioned
Gulf Logistics,Rajesh Kumar,rajesh@gulfagro.net,+7 533 8339878,Cashew Nut,Bahrain,Not Mentioned
Ocean Trading Co.,James Smith,procurement@oceantrading.com,+91 119 2155186,Cumin Seeds,Qatar,Not Mentioned
Orient Imports,William Jones,william@orientagro.net,+61 260 5802064,Cardamom (Green),Oman,Not Mentioned
Stellar Suppliers,Lucas Silva,procurement@stellartrading.com,+89 966 9742939,Saffron,France,Not Mentioned
Gulf Exports,Sarah Connor,procurement@gulftrading.com,+55 220 7139873,Mustard Seeds,Egypt,Not Mentioned
Desert Enterprises,Kareem Abdul,kareem@desertagro.net,+74 964 3673851,Banana Powder,Egypt,Not Mentioned
Ocean Trading Co.,Li Wei,procurement@oceantrading.com,+99 597 9208800,ICUMSA 45 Sugar,Singapore,Not Mentioned
Horizon Ventures,Fatima Zahra,procurement@horizontrading.com,+70 260 8890838,Olive Oil,USA,Not Mentioned
Royal Holdings,Aisha Rahman,procurement@royaltrading.com,+68 855 6141400,Clove,France,Not Mentioned
Apex General Trading,Chen Wu,procurement@apextrading.com,+74 383 1974970,1401 Basmati Rice,Canada,Not Mentioned
Global Distributors,Hiroshi Tanaka,hiroshi@globalagro.net,+20 481 4659774,Sunflower Oil,Oman,Not Mentioned
Summit Foods,Mohammed Al-Fayed,mohammed@summitagro.net,+27 528 7931465,Coffee,Kuwait,Not Mentioned
Stellar Ventures,Rajesh Kumar,procurement@stellartrading.com,+83 670 7049031,Coriander Seeds,Oman,Not Mentioned
Crest Foods,Elena Rossi,elena@crestagro.net,+99 780 1146291,Dates (Khajoor),Egypt,Not Mentioned
Horizon Trading Co.,Rajesh Kumar,rajesh@horizonagro.net,+25 717 2019209,Sesame Seeds,Nigeria,Not Mentioned
Gulf Enterprises,Youssef Ibrahim,youssef@gulfagro.net,+91 940 9976339,Barley,USA,Not Mentioned
Atlas Holdings,Sarah Connor,procurement@atlastrading.com,+92 415 7512591,Almond,Oman,Not Mentioned
Horizon Group,Isabella Fernandez,procurement@horizontrading.com,+59 623 9584966,Cardamom (Green),France,Not Mentioned
Orient Commodities,Omar Al-Khatib,omar@orientagro.net,+34 461 8444004,Cardamom (Green),Kuwait,Not Mentioned
Crest Suppliers,Rajesh Kumar,procurement@cresttrading.com,+41 937 6181892,Walnuts,UAE,Not Mentioned
Pioneer Ventures,Youssef Ibrahim,procurement@pioneertrading.com,+70 531 8874455,Black Pepper,France,Not Mentioned
Apex Holdings,John Doe,john@apexagro.net,+16 812 9689217,Coriander Seeds,Nigeria,Not Mentioned
Global Commodities,Fatima Zahra,fatima@globalagro.net,+74 722 4077521,Barley,Saudi Arabia,Not Mentioned
Universal Ventures,Lucas Silva,lucas@universalagro.net,+94 641 8294009,1401 Basmati Rice,Kuwait,Not Mentioned
Pioneer Imports,Sarah Connor,sarah@pioneeragro.net,+75 994 4282018,Fennel Seeds,Canada,Not Mentioned
Pioneer Foods,Sarah Connor,procurement@pioneertrading.com,+49 373 5311488,Cashew Nut,Saudi Arabia,Not Mentioned
Pioneer Group,Li Wei,li@pioneeragro.net,+72 931 5291032,Banana Powder,Egypt,Not Mentioned
Royal Distributors,Mohammed Al-Fayed,procurement@royaltrading.com,+12 175 4895626,Coffee,UK,Not Mentioned
Desert Holdings,William Jones,william@desertagro.net,+65 589 2751492,Robusta Coffee,Bahrain,Not Mentioned
Apex Group,Kareem Abdul,procurement@apextrading.com,+27 948 8111127,Banana Powder,Saudi Arabia,Not Mentioned
Desert Foods,Omar Al-Khatib,omar@desertagro.net,+89 393 4542040,Palm Oil,France,Not Mentioned
Elite Agro LLC,Rajesh Kumar,procurement@elitetrading.com,+52 256 7514709,1509 Basmati Rice,UK,Not Mentioned
Summit Logistics,Omar Al-Khatib,procurement@summittrading.com,+9 677 1506442,Robusta Coffee,Bahrain,Not Mentioned
Atlas Group,Fatima Zahra,fatima@atlasagro.net,+93 415 9758836,Barley,Bahrain,Not Mentioned
Pioneer Agro LLC,Lucas Silva,lucas@pioneeragro.net,+14 906 6831326,Wheat,France,Not Mentioned
Royal Group,Chen Wu,chen@royalagro.net,+97 785 3762034,Coffee,Bahrain,Not Mentioned
Stellar Imports,Sarah Connor,procurement@stellartrading.com,+90 547 5907411,1509 Basmati Rice,Kuwait,Not Mentioned
Crest Holdings,Fatima Zahra,procurement@cresttrading.com,+85 590 6006411,ICUMSA 45 Sugar,UK,Not Mentioned
Nova Exports,Maria Garcia,maria@novaagro.net,+3 763 1568961,Robusta Coffee,Egypt,Not Mentioned
Global Trading Co.,Elena Rossi,procurement@globaltrading.com,+70 382 4739801,Saffron,Nigeria,Not Mentioned
Crest Exports,Rajesh Kumar,procurement@cresttrading.com,+31 202 2590189,IR 64 Rice,USA,Not Mentioned
Summit Exports,Tariq Aziz,procurement@summittrading.com,+91 842 3612906,Tamarind,France,Not Mentioned
Universal Suppliers,Rajesh Kumar,procurement@universaltrading.com,+53 720 9392264,1509 Basmati Rice,Egypt,Not Mentioned
Prime Commodities,Elena Rossi,elena@primeagro.net,+75 359 6095902,1509 Basmati Rice,Egypt,Not Mentioned
Ocean Agro LLC,Rajesh Kumar,rajesh@oceanagro.net,+72 304 3900039,1509 Basmati Rice,USA,Not Mentioned
Stellar Commodities,Maria Garcia,maria@stellaragro.net,+35 947 7991456,Makhana,Singapore,Not Mentioned
Universal Trading Co.,William Jones,procurement@universaltrading.com,+6 347 1370422,Robusta Coffee,Qatar,Not Mentioned
Stellar Agro LLC,Isabella Fernandez,isabella@stellaragro.net,+29 224 7792609,Cinnamon Stick,Egypt,Not Mentioned
Prime Foods,Nour El-Din,nour@primeagro.net,+97 410 2752295,Cardamom (Green),Singapore,Not Mentioned
Universal Group,Kareem Abdul,procurement@universaltrading.com,+18 781 9530730,Black Pepper,Singapore,Not Mentioned
Atlas Group,Youssef Ibrahim,procurement@atlastrading.com,+26 873 6054894,Almond,Kuwait,Not Mentioned
Continental Suppliers,Michael Chang,michael@continentalagro.net,+86 614 9911743,IR 64 Rice,Saudi Arabia,Not Mentioned
Summit Agro LLC,Chen Wu,procurement@summittrading.com,+83 747 9148874,Sesame Seeds,Oman,Not Mentioned
Pioneer Trading Co.,Aisha Rahman,procurement@pioneertrading.com,+83 800 5989159,ICUMSA 45 Sugar,Nigeria,Not Mentioned
Ocean General Trading,John Doe,procurement@oceantrading.com,+22 840 8821022,Olive Oil,Oman,Not Mentioned
Prime Trading Co.,Chen Wu,procurement@primetrading.com,+7 273 1402101,Banana Powder,Malaysia,Not Mentioned
Horizon Agro LLC,Li Wei,procurement@horizontrading.com,+36 584 9602240,Sella Basmati Rice,Kuwait,Not Mentioned
Atlas Ventures,Elena Rossi,procurement@atlastrading.com,+86 139 2947500,Turmeric Finger,Qatar,Not Mentioned
Gulf Foods,William Jones,william@gulfagro.net,+55 127 5837982,Fox Nuts (Makhana),USA,Not Mentioned
Horizon Trading Co.,Mohammed Al-Fayed,mohammed@horizonagro.net,+40 352 1719521,ICUMSA 45 Sugar,Kuwait,Not Mentioned
Continental Commodities,Kareem Abdul,procurement@continentaltrading.com,+9 110 6458338,Almond,Saudi Arabia,Not Mentioned
Horizon Commodities,James Smith,procurement@horizontrading.com,+30 509 5830179,Makhana,UK,Not Mentioned
Apex Distributors,Tariq Aziz,tariq@apexagro.net,+31 780 9873694,Barley,Saudi Arabia,Not Mentioned
Desert Agro LLC,Nour El-Din,procurement@deserttrading.com,+11 618 3821777,Makhana,UAE,Not Mentioned
Atlas Group,John Doe,john@atlasagro.net,+91 573 7449409,Turmeric Finger,UAE,Not Mentioned
Nova Trading Co.,Chen Wu,chen@novaagro.net,+54 137 2417431,Dates (Khajoor),UAE,Not Mentioned
Horizon Group,Tariq Aziz,tariq@horizonagro.net,+20 737 9948949,Cardamom (Green),Kuwait,Not Mentioned
Pioneer Commodities,Hiroshi Tanaka,procurement@pioneertrading.com,+26 323 2185278,Walnuts,Kuwait,Not Mentioned
Apex General Trading,Ahmed Hassan,procurement@apextrading.com,+13 731 8498935,Turmeric Finger,Canada,Not Mentioned
Pioneer Group,Elena Rossi,elena@pioneeragro.net,+49 907 3339112,Soybean Oil,Saudi Arabia,Not Mentioned
Continental General Trading,Sarah Connor,sarah@continentalagro.net,+19 327 2105079,Walnuts,UAE,Not Mentioned
Horizon Group,Chen Wu,chen@horizonagro.net,+56 142 2936785,Cashew Nut,Kuwait,Not Mentioned
Summit Commodities,Aisha Rahman,procurement@summittrading.com,+33 629 7880181,Fennel Seeds,UAE,Not Mentioned
Gulf Enterprises,Kareem Abdul,kareem@gulfagro.net,+6 246 9027667,Sella Basmati Rice,Canada,Not Mentioned
Gulf Suppliers,William Jones,procurement@gulftrading.com,+32 333 9808747,1509 Basmati Rice,Saudi Arabia,Not Mentioned
Crest Imports,Mohammed Al-Fayed,procurement@cresttrading.com,+18 119 8997571,Sella Basmati Rice,Canada,Not Mentioned
Ocean Agro LLC,Hiroshi Tanaka,procurement@oceantrading.com,+9 153 8608104,1509 Basmati Rice,Qatar,Not Mentioned
Universal Group,Aisha Rahman,aisha@universalagro.net,+37 671 1649568,Arabica Coffee,Malaysia,Not Mentioned
Gulf Suppliers,Ahmed Hassan,ahmed@gulfagro.net,+42 294 9742835,Barley,France,Not Mentioned
Pioneer Group,Ahmed Hassan,procurement@pioneertrading.com,+76 701 5312554,Clove,UAE,Not Mentioned
Pioneer General Trading,Ahmed Hassan,ahmed@pioneeragro.net,+72 311 4391415,1509 Basmati Rice,Canada,Not Mentioned
Summit Ventures,Hiroshi Tanaka,hiroshi@summitagro.net,+92 591 7630153,Cardamom (Green),Qatar,Not Mentioned
Atlas Ventures,Fatima Zahra,procurement@atlastrading.com,+78 876 5648902,Barley,USA,Not Mentioned
Pioneer Imports,Kareem Abdul,kareem@pioneeragro.net,+8 912 9851411,Lentils,UAE,Not Mentioned
Crest Trading Co.,Maria Garcia,procurement@cresttrading.com,+27 637 6093714,Barley,Singapore,Not Mentioned
Continental Trading Co.,Chen Wu,chen@continentalagro.net,+2 756 9693952,Soybean Oil,Bahrain,Not Mentioned
Crest Imports,Sarah Connor,sarah@crestagro.net,+55 511 3178911,Peanuts,Canada,Not Mentioned
Atlas Distributors,Isabella Fernandez,isabella@atlasagro.net,+20 664 2223595,Cinnamon Stick,Malaysia,Not Mentioned
Ocean Agro LLC,Aisha Rahman,aisha@oceanagro.net,+62 877 4600257,Cardamom (Green),Kuwait,Not Mentioned
Universal Trading Co.,Rajesh Kumar,rajesh@universalagro.net,+54 174 5672486,Clove,USA,Not Mentioned
Global Enterprises,James Smith,james@globalagro.net,+56 972 9313204,Fox Nuts (Makhana),UK,Not Mentioned
Elite Trading Co.,Maria Garcia,procurement@elitetrading.com,+53 241 3950231,Arabica Coffee,Egypt,Not Mentioned
Atlas Logistics,Aisha Rahman,aisha@atlasagro.net,+41 305 6222418,Jaggery,Bahrain,Not Mentioned
Gulf Holdings,Michael Chang,michael@gulfagro.net,+15 267 7050617,Fox Nuts (Makhana),Oman,Not Mentioned
Nova General Trading,David Miller,procurement@novatrading.com,+79 289 9473478,Turmeric Finger,Nigeria,Not Mentioned
Elite Agro LLC,Sarah Connor,procurement@elitetrading.com,+5 524 6722900,1121 Basmati Rice,Qatar,Not Mentioned
Pioneer Agro LLC,Sarah Connor,procurement@pioneertrading.com,+84 706 3094614,ICUMSA 45 Sugar,Egypt,Not Mentioned
Apex Suppliers,Li Wei,li@apexagro.net,+17 570 1321579,Coriander Seeds,Kuwait,Not Mentioned
Global Distributors,Omar Al-Khatib,procurement@globaltrading.com,+4 686 9956580,Soybean Oil,Nigeria,Not Mentioned
Stellar Ventures,Michael Chang,procurement@stellartrading.com,+69 314 7392864,Fox Nuts (Makhana),Bahrain,Not Mentioned
Continental Commodities,Nour El-Din,nour@continentalagro.net,+18 116 9634367,Robusta Coffee,Bahrain,Not Mentioned
Gulf Holdings,Youssef Ibrahim,youssef@gulfagro.net,+21 407 9982866,Mustard Seeds,Malaysia,Not Mentioned
Ocean Trading Co.,Mohammed Al-Fayed,mohammed@oceanagro.net,+78 607 1718654,IR 64 Rice,France,Not Mentioned
Royal Exports,James Smith,james@royalagro.net,+40 301 7116391,Walnuts,Bahrain,Not Mentioned
Royal Trading Co.,Anna Muller,procurement@royaltrading.com,+55 469 7424163,Apple Powder,Egypt,Not Mentioned
Stellar Trading Co.,Rajesh Kumar,rajesh@stellaragro.net,+92 345 6678606,Raisin (Kishmish),UK,Not Mentioned
Global Exports,David Miller,david@globalagro.net,+64 958 7740584,Black Pepper,France,Not Mentioned
Desert Imports,Tariq Aziz,procurement@deserttrading.com,+68 738 1646521,Sella Basmati Rice,Egypt,Not Mentioned
Continental Agro LLC,Nour El-Din,procurement@continentaltrading.com,+27 395 1715215,Makhana,Nigeria,Not Mentioned
Crest Distributors,Youssef Ibrahim,procurement@cresttrading.com,+67 861 3385220,Mustard Seeds,Malaysia,Not Mentioned
Universal General Trading,John Doe,john@universalagro.net,+94 609 8025359,Robusta Coffee,UK,Not Mentioned
Atlas Distributors,Lucas Silva,lucas@atlasagro.net,+71 864 7615372,Dates (Khajoor),UK,Not Mentioned
Universal Holdings,Aisha Rahman,aisha@universalagro.net,+64 659 1091492,Lentils,Qatar,Not Mentioned
Apex Exports,Rajesh Kumar,procurement@apextrading.com,+87 929 1928633,1509 Basmati Rice,UK,Not Mentioned
Horizon Suppliers,Mohammed Al-Fayed,procurement@horizontrading.com,+59 800 7152715,Apple Powder,Qatar,Not Mentioned
Royal Exports,Elena Rossi,elena@royalagro.net,+94 420 9161200,Fennel Seeds,Saudi Arabia,Not Mentioned
Ocean Commodities,Michael Chang,procurement@oceantrading.com,+57 339 4597096,Banana Powder,USA,Not Mentioned
Continental Foods,Kareem Abdul,procurement@continentaltrading.com,+94 429 1773130,Almond,Nigeria,Not Mentioned
Desert Ventures,James Smith,procurement@deserttrading.com,+3 944 6149053,Sunflower Oil,UK,Not Mentioned
Atlas Exports,Elena Rossi,procurement@atlastrading.com,+22 450 9911647,Turmeric Finger,Qatar,Not Mentioned
Royal Suppliers,Rajesh Kumar,rajesh@royalagro.net,+72 298 5800770,Walnuts,Singapore,Not Mentioned
Continental Holdings,Ahmed Hassan,ahmed@continentalagro.net,+9 535 8798327,Fennel Seeds,Egypt,Not Mentioned
Gulf Commodities,Maria Garcia,maria@gulfagro.net,+85 985 7548682,Coriander Seeds,USA,Not Mentioned
Continental Ventures,Michael Chang,michael@continentalagro.net,+1 722 8793688,Cardamom (Green),Malaysia,Not Mentioned
Atlas Foods,Nour El-Din,procurement@atlastrading.com,+27 454 2074490,Makhana,USA,Not Mentioned
Desert Commodities,Nour El-Din,nour@desertagro.net,+78 272 3353368,Tamarind,Egypt,Not Mentioned
Universal Enterprises,John Doe,procurement@universaltrading.com,+47 443 2392208,Apple Powder,USA,Not Mentioned
Crest Holdings,John Doe,john@crestagro.net,+85 509 2274592,Sella Basmati Rice,UAE,Not Mentioned
Orient Holdings,Omar Al-Khatib,omar@orientagro.net,+55 277 2001062,Fox Nuts (Makhana),Egypt,Not Mentioned
Elite Exports,Chen Wu,procurement@elitetrading.com,+21 405 1828516,Jaggery,Bahrain,Not Mentioned
Nova Commodities,Nour El-Din,procurement@novatrading.com,+25 550 7824263,ICUMSA 45 Sugar,Egypt,Not Mentioned
Summit General Trading,Hiroshi Tanaka,hiroshi@summitagro.net,+11 958 3152697,Turmeric Finger,Nigeria,Not Mentioned
Elite General Trading,Kareem Abdul,procurement@elitetrading.com,+73 848 5864086,Arabica Coffee,France,Not Mentioned
Orient Suppliers,Hiroshi Tanaka,procurement@orienttrading.com,+90 804 1789640,Cashew Nut,Malaysia,Not Mentioned
Stellar Distributors,Sarah Connor,procurement@stellartrading.com,+11 931 5053035,Banana Powder,Bahrain,Not Mentioned
Nova Agro LLC,Chen Wu,procurement@novatrading.com,+45 279 3393222,Sella Basmati Rice,Singapore,Not Mentioned
Atlas Agro LLC,Elena Rossi,procurement@atlastrading.com,+39 467 6399982,Sella Basmati Rice,USA,Not Mentioned
Continental General Trading,David Miller,david@continentalagro.net,+15 387 2793312,Fennel Seeds,Qatar,Not Mentioned
Prime Imports,Rajesh Kumar,rajesh@primeagro.net,+17 224 4203399,Coriander Seeds,Egypt,Not Mentioned
Stellar Commodities,Lucas Silva,lucas@stellaragro.net,+16 285 4194794,Walnuts,USA,Not Mentioned
Ocean Logistics,Mohammed Al-Fayed,procurement@oceantrading.com,+96 933 2234110,Lentils,Malaysia,Not Mentioned
Horizon Trading Co.,Nour El-Din,procurement@horizontrading.com,+36 451 9151461,Dates (Khajoor),Bahrain,Not Mentioned
Pioneer Exports,Elena Rossi,procurement@pioneertrading.com,+65 538 4264050,Palm Oil,UAE,Not Mentioned
Apex Ventures,Mohammed Al-Fayed,mohammed@apexagro.net,+72 958 8124778,Almond,France,Not Mentioned
Atlas Holdings,Hiroshi Tanaka,procurement@atlastrading.com,+94 683 6282563,Barley,Qatar,Not Mentioned
Nova Logistics,Omar Al-Khatib,procurement@novatrading.com,+39 924 1413240,Raisin (Kishmish),Kuwait,Not Mentioned
Global Distributors,Chen Wu,chen@globalagro.net,+63 236 2321538,Soybean Oil,Oman,Not Mentioned
Atlas Logistics,Omar Al-Khatib,procurement@atlastrading.com,+58 705 4259300,1401 Basmati Rice,UAE,Not Mentioned
Royal Trading Co.,Nour El-Din,procurement@royaltrading.com,+18 118 9285803,Tamarind,USA,Not Mentioned
Apex Commodities,Youssef Ibrahim,procurement@apextrading.com,+72 500 8607316,Barley,UAE,Not Mentioned
Continental General Trading,Hiroshi Tanaka,procurement@continentaltrading.com,+83 204 7569617,Cardamom (Green),Oman,Not Mentioned
Horizon Holdings,Chen Wu,procurement@horizontrading.com,+74 926 3369435,Banana Powder,Egypt,Not Mentioned
Desert Trading Co.,Elena Rossi,elena@desertagro.net,+18 956 6073091,Lentils,Bahrain,Not Mentioned
Prime Commodities,William Jones,william@primeagro.net,+13 333 3268152,Coffee,Saudi Arabia,Not Mentioned
Royal Exports,Fatima Zahra,procurement@royaltrading.com,+7 309 6933396,Coriander Seeds,Qatar,Not Mentioned
Ocean Enterprises,Li Wei,li@oceanagro.net,+56 515 5231654,Cardamom (Green),France,Not Mentioned
Prime General Trading,Maria Garcia,procurement@primetrading.com,+70 933 4431511,Robusta Coffee,Kuwait,Not Mentioned
Orient Foods,Fatima Zahra,procurement@orienttrading.com,+39 251 7248791,Sesame Seeds,UK,Not Mentioned
Orient Holdings,Fatima Zahra,procurement@orienttrading.com,+6 863 6055827,Cardamom (Green),Bahrain,Not Mentioned
Summit Commodities,David Miller,david@summitagro.net,+25 691 4046386,Apple Powder,USA,Not Mentioned
Orient Ventures,Chen Wu,procurement@orienttrading.com,+39 443 6118050,1121 Basmati Rice,Egypt,Not Mentioned
Horizon Distributors,Li Wei,li@horizonagro.net,+76 934 1990567,Black Pepper,Bahrain,Not Mentioned
Summit Ventures,Anna Muller,anna@summitagro.net,+68 257 9944851,Raisin (Kishmish),Malaysia,Not Mentioned
Ocean Ventures,Chen Wu,chen@oceanagro.net,+66 210 6896168,Coriander Seeds,France,Not Mentioned
Continental Commodities,Maria Garcia,maria@continentalagro.net,+83 484 3024873,Wheat,Canada,Not Mentioned
Horizon Imports,Youssef Ibrahim,procurement@horizontrading.com,+86 267 8886932,Sunflower Oil,Malaysia,Not Mentioned
Pioneer General Trading,Tariq Aziz,tariq@pioneeragro.net,+1 134 1576094,Almond,Malaysia,Not Mentioned
Orient Group,Li Wei,procurement@orienttrading.com,+43 659 3197537,Coffee,France,Not Mentioned
Pioneer Suppliers,Tariq Aziz,tariq@pioneeragro.net,+47 349 1505639,Arabica Coffee,USA,Not Mentioned
Horizon Foods,Lucas Silva,procurement@horizontrading.com,+45 139 7629211,Raisin (Kishmish),UK,Not Mentioned
Nova Enterprises,Sarah Connor,sarah@novaagro.net,+55 202 5331998,Apple Powder,USA,Not Mentioned
Universal Logistics,Mohammed Al-Fayed,procurement@universaltrading.com,+3 909 7264322,Palm Oil,Qatar,Not Mentioned
Gulf Ventures,James Smith,james@gulfagro.net,+18 786 5358794,1509 Basmati Rice,Egypt,Not Mentioned
Prime Foods,Elena Rossi,procurement@primetrading.com,+6 496 7578616,Fox Nuts (Makhana),Saudi Arabia,Not Mentioned
Apex Distributors,Isabella Fernandez,procurement@apextrading.com,+4 159 2627625,Apple Powder,Bahrain,Not Mentioned
Atlas Enterprises,James Smith,james@atlasagro.net,+53 968 5230441,Tamarind,Kuwait,Not Mentioned
Nova General Trading,Sarah Connor,procurement@novatrading.com,+33 793 8810655,Coriander Seeds,Qatar,Not Mentioned
Prime Group,Elena Rossi,procurement@primetrading.com,+23 275 4074414,Arabica Coffee,Bahrain,Not Mentioned
Summit Enterprises,Ahmed Hassan,ahmed@summitagro.net,+4 973 4943294,Fox Nuts (Makhana),Singapore,Not Mentioned
Stellar Foods,John Doe,procurement@stellartrading.com,+91 931 5861567,Wheat,UAE,Not Mentioned
Desert Foods,Ahmed Hassan,ahmed@desertagro.net,+85 209 2416641,Coriander Seeds,Qatar,Not Mentioned
Desert Logistics,John Doe,procurement@deserttrading.com,+54 178 9272258,Saffron,Singapore,Not Mentioned
Continental Group,Hiroshi Tanaka,procurement@continentaltrading.com,+51 431 3197904,Cinnamon Stick,Saudi Arabia,Not Mentioned
Desert Trading Co.,John Doe,john@desertagro.net,+6 145 8659308,Tamarind,Saudi Arabia,Not Mentioned
Continental Enterprises,Sarah Connor,sarah@continentalagro.net,+64 390 4495700,Banana Powder,UAE,Not Mentioned
Stellar Foods,Kareem Abdul,procurement@stellartrading.com,+86 514 4212811,Coriander Seeds,Bahrain,Not Mentioned
Atlas Exports,Rajesh Kumar,procurement@atlastrading.com,+67 992 1713861,Almond,Oman,Not Mentioned
Global Enterprises,Anna Muller,procurement@globaltrading.com,+62 721 4860127,Fennel Seeds,Kuwait,Not Mentioned
Apex Holdings,Ahmed Hassan,ahmed@apexagro.net,+90 172 9267057,Mustard Seeds,USA,Not Mentioned
Orient Ventures,Omar Al-Khatib,procurement@orienttrading.com,+76 500 5287097,Jaggery,Malaysia,Not Mentioned
Atlas Enterprises,Mohammed Al-Fayed,procurement@atlastrading.com,+7 140 9264167,Coffee,France,Not Mentioned
Nova Group,Mohammed Al-Fayed,procurement@novatrading.com,+62 235 9470541,Lentils,Oman,Not Mentioned
Nova Commodities,Rajesh Kumar,procurement@novatrading.com,+44 658 9083436,Apple Powder,Saudi Arabia,Not Mentioned
Universal General Trading,Mohammed Al-Fayed,procurement@universaltrading.com,+51 573 3530749,Arabica Coffee,Kuwait,Not Mentioned
Elite Enterprises,Michael Chang,procurement@elitetrading.com,+78 774 2320752,Sunflower Oil,Qatar,Not Mentioned
Royal Suppliers,Mohammed Al-Fayed,mohammed@royalagro.net,+66 898 8066230,Wheat,Egypt,Not Mentioned
Global Enterprises,Chen Wu,chen@globalagro.net,+92 777 6011214,Apple Powder,UAE,Not Mentioned
Global Foods,Youssef Ibrahim,youssef@globalagro.net,+51 566 2897070,Olive Oil,Oman,Not Mentioned
Royal Ventures,Maria Garcia,maria@royalagro.net,+66 561 2175095,Fox Nuts (Makhana),Singapore,Not Mentioned
Continental Agro LLC,James Smith,procurement@continentaltrading.com,+52 144 3658733,Walnuts,Egypt,Not Mentioned
Universal Suppliers,Lucas Silva,procurement@universaltrading.com,+43 940 1212235,Cinnamon Stick,Malaysia,Not Mentioned
Royal Suppliers,Anna Muller,anna@royalagro.net,+13 544 6010194,Saffron,Kuwait,Not Mentioned
Nova Foods,Tariq Aziz,procurement@novatrading.com,+81 191 1718048,Cardamom (Green),USA,Not Mentioned
Continental Foods,Aisha Rahman,procurement@continentaltrading.com,+3 957 5273435,Peanuts,Bahrain,Not Mentioned
Global Holdings,Aisha Rahman,procurement@globaltrading.com,+16 758 9602141,Olive Oil,UK,Not Mentioned
Stellar Ventures,Elena Rossi,procurement@stellartrading.com,+60 663 3379972,Cardamom (Green),France,Not Mentioned
Nova Foods,Fatima Zahra,procurement@novatrading.com,+57 208 5477557,Jaggery,Bahrain,Not Mentioned
Nova Agro LLC,Maria Garcia,maria@novaagro.net,+59 393 1057810,Turmeric Finger,Canada,Not Mentioned
Pioneer Imports,James Smith,james@pioneeragro.net,+3 191 8998771,Cardamom (Green),Canada,Not Mentioned
Ocean Enterprises,Tariq Aziz,procurement@oceantrading.com,+93 620 5009328,Robusta Coffee,Kuwait,Not Mentioned
Prime Trading Co.,Lucas Silva,lucas@primeagro.net,+61 102 8663985,1121 Basmati Rice,Malaysia,Not Mentioned
Royal Logistics,Anna Muller,anna@royalagro.net,+95 467 4819308,Sunflower Oil,UK,Not Mentioned
Pioneer Logistics,Fatima Zahra,fatima@pioneeragro.net,+17 798 6385696,Clove,Saudi Arabia,Not Mentioned
Summit Logistics,Ahmed Hassan,procurement@summittrading.com,+42 296 4837005,IR 64 Rice,UK,Not Mentioned
Ocean Enterprises,James Smith,procurement@oceantrading.com,+41 249 6998573,Fox Nuts (Makhana),Saudi Arabia,Not Mentioned
Nova Commodities,Aisha Rahman,procurement@novatrading.com,+81 746 9140582,Barley,Saudi Arabia,Not Mentioned
Elite Group,Michael Chang,michael@eliteagro.net,+11 407 9101816,Barley,UK,Not Mentioned
Desert General Trading,Chen Wu,chen@desertagro.net,+90 983 7568062,Barley,Nigeria,Not Mentioned
Royal Distributors,Michael Chang,procurement@royaltrading.com,+77 242 6316432,Turmeric Finger,Saudi Arabia,Not Mentioned
Summit Suppliers,Li Wei,li@summitagro.net,+41 815 1876311,Sesame Seeds,Nigeria,Not Mentioned
Elite Logistics,Hiroshi Tanaka,hiroshi@eliteagro.net,+8 394 6063549,IR 64 Rice,Singapore,Not Mentioned
Apex Distributors,Rajesh Kumar,procurement@apextrading.com,+68 577 3976971,1121 Basmati Rice,Saudi Arabia,Not Mentioned
Orient Group,Nour El-Din,nour@orientagro.net,+78 808 4630840,Dates (Khajoor),UAE,Not Mentioned
Gulf Ventures,Elena Rossi,procurement@gulftrading.com,+73 781 4218730,Peanuts,Qatar,Not Mentioned
Desert Suppliers,Kareem Abdul,kareem@desertagro.net,+57 572 6400099,Peanuts,Canada,Not Mentioned
Ocean Imports,John Doe,john@oceanagro.net,+32 218 3441208,Coffee,Qatar,Not Mentioned
Prime Holdings,Ahmed Hassan,procurement@primetrading.com,+43 150 1497619,Lentils,Kuwait,Not Mentioned
Orient Agro LLC,Kareem Abdul,kareem@orientagro.net,+81 389 1356039,IR 64 Rice,Qatar,Not Mentioned
Gulf Distributors,Sarah Connor,sarah@gulfagro.net,+2 646 2946251,Coffee,Nigeria,Not Mentioned
Horizon Group,Sarah Connor,procurement@horizontrading.com,+19 248 9943746,Sunflower Oil,Bahrain,Not Mentioned
Universal Suppliers,William Jones,william@universalagro.net,+34 557 4169111,Cashew Nut,Oman,Not Mentioned
Orient Logistics,David Miller,david@orientagro.net,+99 171 7744920,Mustard Seeds,Saudi Arabia,Not Mentioned
Orient Logistics,Michael Chang,michael@orientagro.net,+5 604 6160340,Makhana,Malaysia,Not Mentioned
Global Suppliers,Tariq Aziz,tariq@globalagro.net,+27 582 8145672,Wheat,Malaysia,Not Mentioned
Stellar Trading Co.,Youssef Ibrahim,procurement@stellartrading.com,+97 488 1306251,Peanuts,USA,Not Mentioned
Global Foods,David Miller,procurement@globaltrading.com,+15 304 8397337,Robusta Coffee,Qatar,Not Mentioned
Orient Trading Co.,Ahmed Hassan,ahmed@orientagro.net,+64 146 3403353,Lentils,USA,Not Mentioned
Apex Exports,Youssef Ibrahim,youssef@apexagro.net,+56 876 7142963,Apple Powder,UAE,Not Mentioned
Prime Distributors,William Jones,william@primeagro.net,+3 275 8145009,Soybean Oil,Canada,Not Mentioned
Universal Group,James Smith,james@universalagro.net,+73 917 1667924,Clove,Canada,Not Mentioned
Crest Exports,Ahmed Hassan,procurement@cresttrading.com,+65 489 4682228,Robusta Coffee,Qatar,Not Mentioned
Ocean Suppliers,Omar Al-Khatib,omar@oceanagro.net,+62 815 2451397,1121 Basmati Rice,Bahrain,Not Mentioned
Universal Enterprises,Fatima Zahra,procurement@universaltrading.com,+67 412 2723211,Jaggery,Oman,Not Mentioned
Nova Foods,Chen Wu,chen@novaagro.net,+59 898 6303493,Sunflower Oil,Nigeria,Not Mentioned
Stellar Logistics,Michael Chang,procurement@stellartrading.com,+87 495 8329776,Mustard Seeds,France,Not Mentioned
Gulf Holdings,Hiroshi Tanaka,hiroshi@gulfagro.net,+95 438 7559087,Coriander Seeds,Saudi Arabia,Not Mentioned
Apex Foods,Nour El-Din,nour@apexagro.net,+96 160 9958804,Wheat,Singapore,Not Mentioned
Apex Trading Co.,Elena Rossi,elena@apexagro.net,+93 771 6252146,Tamarind,Malaysia,Not Mentioned
Orient Holdings,Ahmed Hassan,ahmed@orientagro.net,+16 710 5333035,Sunflower Oil,Kuwait,Not Mentioned
Prime General Trading,James Smith,procurement@primetrading.com,+9 766 8831654,1509 Basmati Rice,Bahrain,Not Mentioned
Ocean Trading Co.,Hiroshi Tanaka,hiroshi@oceanagro.net,+69 113 9995850,Banana Powder,UAE,Not Mentioned
Desert Exports,David Miller,david@desertagro.net,+11 907 1997628,Cashew Nut,Oman,Not Mentioned
Summit Exports,Ahmed Hassan,ahmed@summitagro.net,+63 312 3934204,Sunflower Oil,Egypt,Not Mentioned
Pioneer Foods,Hiroshi Tanaka,hiroshi@pioneeragro.net,+34 921 2038298,Olive Oil,Kuwait,Not Mentioned
Summit Exports,Omar Al-Khatib,procurement@summittrading.com,+90 122 2128491,Walnuts,UAE,Not Mentioned
Gulf Foods,William Jones,procurement@gulftrading.com,+74 173 3651811,Black Pepper,Oman,Not Mentioned
Desert Exports,Hiroshi Tanaka,hiroshi@desertagro.net,+70 941 8678674,Lentils,France,Not Mentioned
Nova Agro LLC,Nour El-Din,nour@novaagro.net,+46 447 4021738,Fennel Seeds,France,Not Mentioned
Horizon Agro LLC,Kareem Abdul,kareem@horizonagro.net,+60 955 7758824,Black Pepper,Kuwait,Not Mentioned
Royal Imports,Fatima Zahra,fatima@royalagro.net,+86 316 6944544,Turmeric Finger,USA,Not Mentioned
Elite Suppliers,Hiroshi Tanaka,procurement@elitetrading.com,+86 478 9472857,Sunflower Oil,Saudi Arabia,Not Mentioned
Prime Foods,Aisha Rahman,aisha@primeagro.net,+20 775 5895684,1121 Basmati Rice,Canada,Not Mentioned
Elite Ventures,Maria Garcia,procurement@elitetrading.com,+55 468 5466162,Soybean Oil,Nigeria,Not Mentioned
Universal Agro LLC,Aisha Rahman,aisha@universalagro.net,+33 499 7036969,Jaggery,Singapore,Not Mentioned
Crest Foods,Mohammed Al-Fayed,procurement@cresttrading.com,+88 434 5595995,Jaggery,Malaysia,Not Mentioned
Orient Group,Rajesh Kumar,rajesh@orientagro.net,+19 531 4909736,Cashew Nut,UAE,Not Mentioned
Apex Commodities,Isabella Fernandez,procurement@apextrading.com,+14 302 8159817,Lentils,UAE,Not Mentioned
Stellar Enterprises,Isabella Fernandez,isabella@stellaragro.net,+10 527 6964861,1121 Basmati Rice,Singapore,Not Mentioned
Royal Commodities,Omar Al-Khatib,omar@royalagro.net,+28 832 7095508,Turmeric Finger,France,Not Mentioned
Nova Suppliers,Fatima Zahra,fatima@novaagro.net,+7 527 3910684,Lentils,Nigeria,Not Mentioned
Summit Ventures,Li Wei,li@summitagro.net,+23 388 8850189,Dates (Khajoor),France,Not Mentioned
Orient Distributors,Ahmed Hassan,procurement@orienttrading.com,+78 401 3124839,Black Pepper,Qatar,Not Mentioned
Orient Distributors,Tariq Aziz,tariq@orientagro.net,+88 248 4040895,Makhana,France,Not Mentioned
Summit Trading Co.,John Doe,john@summitagro.net,+11 743 5293939,Soybean Oil,Bahrain,Not Mentioned
Horizon Distributors,Nour El-Din,procurement@horizontrading.com,+98 998 4504464,Lentils,Malaysia,Not Mentioned
Summit Ventures,Aisha Rahman,procurement@summittrading.com,+96 896 2478553,Banana Powder,Malaysia,Not Mentioned
Summit Enterprises,Rajesh Kumar,rajesh@summitagro.net,+95 387 1863463,1121 Basmati Rice,USA,Not Mentioned
Gulf Logistics,Mohammed Al-Fayed,mohammed@gulfagro.net,+88 373 2250000,1401 Basmati Rice,Oman,Not Mentioned
Pioneer General Trading,James Smith,procurement@pioneertrading.com,+34 464 6280519,Fox Nuts (Makhana),Malaysia,Not Mentioned
Pioneer Suppliers,Omar Al-Khatib,omar@pioneeragro.net,+80 764 3929082,Wheat,Malaysia,Not Mentioned
Gulf Commodities,John Doe,john@gulfagro.net,+11 430 7526887,IR 64 Rice,Nigeria,Not Mentioned
Prime Imports,Rajesh Kumar,procurement@primetrading.com,+88 282 3152402,Cashew Nut,France,Not Mentioned
Elite Ventures,Kareem Abdul,procurement@elitetrading.com,+74 917 5736662,Walnuts,UAE,Not Mentioned
Summit Ventures,Tariq Aziz,procurement@summittrading.com,+14 137 9519082,Black Pepper,UAE,Not Mentioned
Elite Distributors,Li Wei,li@eliteagro.net,+46 384 2387597,Mustard Seeds,Saudi Arabia,Not Mentioned
Nova Suppliers,Isabella Fernandez,procurement@novatrading.com,+9 970 6825873,Lentils,Egypt,Not Mentioned
Royal Imports,Aisha Rahman,aisha@royalagro.net,+25 231 5817456,IR 64 Rice,Egypt,Not Mentioned
Ocean Foods,Michael Chang,procurement@oceantrading.com,+46 792 4733915,Barley,Canada,Not Mentioned
Nova Logistics,Tariq Aziz,tariq@novaagro.net,+82 173 7229518,1401 Basmati Rice,Singapore,Not Mentioned
Universal Commodities,Lucas Silva,lucas@universalagro.net,+32 236 3968682,Wheat,Canada,Not Mentioned
Atlas General Trading,Mohammed Al-Fayed,procurement@atlastrading.com,+40 423 7213486,1509 Basmati Rice,Malaysia,Not Mentioned
Atlas Trading Co.,Nour El-Din,procurement@atlastrading.com,+42 983 7232053,Jaggery,Saudi Arabia,Not Mentioned
Prime Logistics,Li Wei,procurement@primetrading.com,+26 535 2656012,Tamarind,Singapore,Not Mentioned
Orient Enterprises,Maria Garcia,maria@orientagro.net,+15 991 4956151,Coffee,Malaysia,Not Mentioned
Prime Group,Michael Chang,michael@primeagro.net,+82 567 4907149,Walnuts,Qatar,Not Mentioned
Gulf General Trading,John Doe,procurement@gulftrading.com,+32 189 4841198,Almond,Canada,Not Mentioned
Crest Exports,Kareem Abdul,procurement@cresttrading.com,+37 268 8234113,Robusta Coffee,Canada,Not Mentioned
Summit Commodities,Aisha Rahman,procurement@summittrading.com,+45 979 6715209,Fennel Seeds,Egypt,Not Mentioned
Summit Commodities,Hiroshi Tanaka,procurement@summittrading.com,+66 255 6080216,Olive Oil,Qatar,Not Mentioned
Prime Enterprises,Elena Rossi,elena@primeagro.net,+29 350 4714731,IR 64 Rice,Kuwait,Not Mentioned
Global Suppliers,Anna Muller,procurement@globaltrading.com,+40 153 7625794,Banana Powder,Egypt,Not Mentioned
Elite Ventures,Maria Garcia,procurement@elitetrading.com,+36 171 3637853,Dates (Khajoor),UAE,Not Mentioned
Nova Foods,Ahmed Hassan,ahmed@novaagro.net,+80 804 8524388,ICUMSA 45 Sugar,Qatar,Not Mentioned
Prime Agro LLC,Fatima Zahra,fatima@primeagro.net,+29 349 5665163,1401 Basmati Rice,Oman,Not Mentioned
Nova Trading Co.,Mohammed Al-Fayed,mohammed@novaagro.net,+89 438 4380933,Makhana,Canada,Not Mentioned
Gulf Suppliers,Nour El-Din,nour@gulfagro.net,+45 345 4010654,Coffee,Bahrain,Not Mentioned
Summit Logistics,Tariq Aziz,procurement@summittrading.com,+81 364 1443832,Soybean Oil,Malaysia,Not Mentioned
Royal Exports,William Jones,procurement@royaltrading.com,+72 297 7326073,Clove,USA,Not Mentioned
Crest Commodities,Youssef Ibrahim,procurement@cresttrading.com,+64 242 7105203,Apple Powder,Canada,Not Mentioned
Crest Trading Co.,Youssef Ibrahim,youssef@crestagro.net,+77 320 8360461,1509 Basmati Rice,Singapore,Not Mentioned
Prime Commodities,Li Wei,procurement@primetrading.com,+64 499 5553628,Wheat,UK,Not Mentioned
Orient Trading Co.,Isabella Fernandez,isabella@orientagro.net,+43 587 4476425,Olive Oil,UAE,Not Mentioned
Prime General Trading,John Doe,procurement@primetrading.com,+13 554 1936503,Turmeric Finger,UAE,Not Mentioned
Elite Ventures,Anna Muller,anna@eliteagro.net,+68 335 4484469,Wheat,Kuwait,Not Mentioned
Crest Enterprises,Elena Rossi,procurement@cresttrading.com,+82 815 2770538,Peanuts,Kuwait,Not Mentioned
Desert Foods,Nour El-Din,nour@desertagro.net,+59 977 8301497,Sunflower Oil,UAE,Not Mentioned
Apex Exports,Rajesh Kumar,procurement@apextrading.com,+97 629 2269015,Dates (Khajoor),Singapore,Not Mentioned
Pioneer Ventures,David Miller,procurement@pioneertrading.com,+52 500 3521931,1509 Basmati Rice,Kuwait,Not Mentioned
Apex Holdings,John Doe,john@apexagro.net,+81 994 5730697,Almond,Malaysia,Not Mentioned
Apex Distributors,James Smith,procurement@apextrading.com,+11 428 4168234,IR 64 Rice,Bahrain,Not Mentioned
Continental Holdings,Rajesh Kumar,procurement@continentaltrading.com,+69 437 2562283,Robusta Coffee,Kuwait,Not Mentioned
Elite Imports,Youssef Ibrahim,youssef@eliteagro.net,+21 531 6667137,Wheat,Singapore,Not Mentioned
Continental Distributors,Isabella Fernandez,procurement@continentaltrading.com,+90 832 8440867,Mustard Seeds,Canada,Not Mentioned
Global General Trading,John Doe,procurement@globaltrading.com,+94 804 3036416,IR 64 Rice,France,Not Mentioned
Royal Commodities,Tariq Aziz,tariq@royalagro.net,+58 550 4556830,Olive Oil,Qatar,Not Mentioned
Apex Holdings,James Smith,james@apexagro.net,+87 596 7291425,Barley,Bahrain,Not Mentioned
Prime Group,James Smith,procurement@primetrading.com,+61 654 9653333,Black Pepper,Saudi Arabia,Not Mentioned
Atlas Holdings,John Doe,john@atlasagro.net,+36 108 2928810,Tamarind,Canada,Not Mentioned
Summit Distributors,Chen Wu,chen@summitagro.net,+72 437 8304462,Soybean Oil,Egypt,Not Mentioned
Horizon Enterprises,Fatima Zahra,fatima@horizonagro.net,+96 645 6404051,Barley,Malaysia,Not Mentioned
Gulf Commodities,Rajesh Kumar,procurement@gulftrading.com,+21 634 9634099,Sella Basmati Rice,UK,Not Mentioned
Elite Suppliers,Chen Wu,chen@eliteagro.net,+1 739 6070425,Tamarind,UK,Not Mentioned
Horizon Enterprises,Michael Chang,procurement@horizontrading.com,+1 702 7989567,Peanuts,Kuwait,Not Mentioned
Apex Imports,Lucas Silva,procurement@apextrading.com,+22 194 1122800,Banana Powder,UAE,Not Mentioned
Gulf General Trading,Rajesh Kumar,rajesh@gulfagro.net,+97 592 4928648,Fox Nuts (Makhana),Qatar,Not Mentioned
Elite Suppliers,Chen Wu,chen@eliteagro.net,+34 557 9687493,Jaggery,Kuwait,Not Mentioned
Stellar General Trading,David Miller,david@stellaragro.net,+59 880 5668786,Cashew Nut,Malaysia,Not Mentioned
Elite Distributors,Michael Chang,procurement@elitetrading.com,+51 830 6946725,Wheat,Kuwait,Not Mentioned
Ocean Commodities,Lucas Silva,lucas@oceanagro.net,+15 154 9671990,IR 64 Rice,Singapore,Not Mentioned
Continental Exports,James Smith,procurement@continentaltrading.com,+12 489 7824207,Apple Powder,Oman,Not Mentioned
Stellar Exports,Tariq Aziz,tariq@stellaragro.net,+67 828 1045510,Cardamom (Green),Canada,Not Mentioned
Global Suppliers,Li Wei,li@globalagro.net,+20 966 1298125,Makhana,Saudi Arabia,Not Mentioned
Stellar Agro LLC,David Miller,david@stellaragro.net,+88 481 3194278,Olive Oil,USA,Not Mentioned
Nova Commodities,Lucas Silva,procurement@novatrading.com,+38 220 4255463,Wheat,USA,Not Mentioned
Prime Foods,Mohammed Al-Fayed,mohammed@primeagro.net,+52 499 7532421,Makhana,Oman,Not Mentioned
Gulf Group,Fatima Zahra,procurement@gulftrading.com,+24 458 6355586,Cardamom (Green),Bahrain,Not Mentioned
Summit General Trading,William Jones,william@summitagro.net,+31 988 4331816,Sunflower Oil,Qatar,Not Mentioned
Royal General Trading,Youssef Ibrahim,procurement@royaltrading.com,+76 272 5860375,Cumin Seeds,Kuwait,Not Mentioned
Prime Enterprises,Nour El-Din,nour@primeagro.net,+1 416 1843169,Jaggery,Kuwait,Not Mentioned
Prime Holdings,Lucas Silva,lucas@primeagro.net,+14 670 2940060,Sella Basmati Rice,France,Not Mentioned
Universal Imports,William Jones,procurement@universaltrading.com,+78 664 7528062,Raisin (Kishmish),France,Not Mentioned
Nova Ventures,John Doe,procurement@novatrading.com,+80 887 4197090,1509 Basmati Rice,Nigeria,Not Mentioned
Global Foods,William Jones,procurement@globaltrading.com,+32 234 7580068,Clove,UK,Not Mentioned
Prime Commodities,Kareem Abdul,procurement@primetrading.com,+9 668 8767550,Jaggery,Singapore,Not Mentioned
Apex Agro LLC,David Miller,david@apexagro.net,+29 463 5746345,Cashew Nut,Canada,Not Mentioned
Summit Distributors,Mohammed Al-Fayed,procurement@summittrading.com,+16 233 8957103,Cashew Nut,Saudi Arabia,Not Mentioned
Summit Imports,Elena Rossi,elena@summitagro.net,+74 922 1910542,Sunflower Oil,Nigeria,Not Mentioned
Royal Trading Co.,Michael Chang,procurement@royaltrading.com,+59 470 4281816,Turmeric Finger,UK,Not Mentioned
Pioneer Trading Co.,Anna Muller,anna@pioneeragro.net,+67 690 5271329,Peanuts,France,Not Mentioned
Summit Group,Tariq Aziz,procurement@summittrading.com,+46 539 3878721,Sunflower Oil,Malaysia,Not Mentioned
Gulf Trading Co.,Fatima Zahra,procurement@gulftrading.com,+91 270 4898782,Sunflower Oil,Egypt,Not Mentioned
Atlas Holdings,David Miller,david@atlasagro.net,+52 377 2284775,Lentils,France,Not Mentioned
Ocean Trading Co.,Li Wei,procurement@oceantrading.com,+22 113 2012665,Cardamom (Green),Egypt,Not Mentioned
Pioneer Group,Elena Rossi,elena@pioneeragro.net,+26 179 4922377,Sella Basmati Rice,Kuwait,Not Mentioned
Crest Agro LLC,Isabella Fernandez,procurement@cresttrading.com,+23 776 8263573,Jaggery,Saudi Arabia,Not Mentioned
Universal Suppliers,Fatima Zahra,procurement@universaltrading.com,+42 516 2214990,1509 Basmati Rice,Oman,Not Mentioned
Prime Trading Co.,Fatima Zahra,procurement@primetrading.com,+37 394 2675153,Makhana,Egypt,Not Mentioned
Desert Logistics,Isabella Fernandez,isabella@desertagro.net,+32 456 1341608,Tamarind,France,Not Mentioned
Apex Exports,Sarah Connor,sarah@apexagro.net,+11 681 9021163,Banana Powder,Nigeria,Not Mentioned
Stellar Enterprises,Anna Muller,procurement@stellartrading.com,+76 639 5234187,Almond,USA,Not Mentioned
Orient Agro LLC,Rajesh Kumar,procurement@orienttrading.com,+20 661 7253026,Palm Oil,Saudi Arabia,Not Mentioned
Royal Exports,Chen Wu,procurement@royaltrading.com,+68 498 6915346,1509 Basmati Rice,Saudi Arabia,Not Mentioned
Royal Commodities,Hiroshi Tanaka,hiroshi@royalagro.net,+50 143 3676205,1401 Basmati Rice,Malaysia,Not Mentioned
Orient Distributors,Rajesh Kumar,rajesh@orientagro.net,+31 593 8868984,Barley,Nigeria,Not Mentioned
Desert Holdings,Chen Wu,chen@desertagro.net,+14 771 4617306,Dates (Khajoor),Nigeria,Not Mentioned
Pioneer Enterprises,Isabella Fernandez,procurement@pioneertrading.com,+15 748 5679449,Clove,Egypt,Not Mentioned
Pioneer Trading Co.,William Jones,procurement@pioneertrading.com,+42 842 1085248,Saffron,Nigeria,Not Mentioned
Desert Exports,Lucas Silva,lucas@desertagro.net,+46 141 6789732,Cardamom (Green),Singapore,Not Mentioned
Atlas Group,Isabella Fernandez,isabella@atlasagro.net,+66 618 2524529,Cinnamon Stick,USA,Not Mentioned
Gulf Foods,Anna Muller,anna@gulfagro.net,+94 849 5827416,1509 Basmati Rice,Malaysia,Not Mentioned
Apex Agro LLC,Fatima Zahra,fatima@apexagro.net,+9 473 4404431,IR 64 Rice,France,Not Mentioned
Summit Distributors,Li Wei,li@summitagro.net,+27 925 5099250,Turmeric Finger,USA,Not Mentioned
Prime Trading Co.,Chen Wu,chen@primeagro.net,+56 264 7173547,1509 Basmati Rice,Canada,Not Mentioned
Continental Agro LLC,James Smith,james@continentalagro.net,+87 956 4038246,Cinnamon Stick,Singapore,Not Mentioned
Continental Holdings,Nour El-Din,nour@continentalagro.net,+44 939 3071411,Olive Oil,UAE,Not Mentioned
Prime Ventures,John Doe,john@primeagro.net,+83 960 5830029,Peanuts,USA,Not Mentioned
Royal Agro LLC,David Miller,david@royalagro.net,+49 931 1216291,Wheat,Singapore,Not Mentioned
Orient Distributors,Rajesh Kumar,procurement@orienttrading.com,+69 933 4004574,Arabica Coffee,USA,Not Mentioned
Summit Logistics,Rajesh Kumar,rajesh@summitagro.net,+60 877 9173847,Apple Powder,Singapore,Not Mentioned
Atlas Foods,Anna Muller,anna@atlasagro.net,+26 187 2996314,Fennel Seeds,Egypt,Not Mentioned
Desert Imports,Anna Muller,procurement@deserttrading.com,+62 530 2238846,Jaggery,Malaysia,Not Mentioned
Orient Distributors,Nour El-Din,procurement@orienttrading.com,+25 750 8370849,Turmeric Finger,Singapore,Not Mentioned
Orient Logistics,Li Wei,li@orientagro.net,+49 461 2873848,ICUMSA 45 Sugar,UK,Not Mentioned
Universal Distributors,Lucas Silva,lucas@universalagro.net,+44 587 7560768,Turmeric Finger,Malaysia,Not Mentioned
Crest Holdings,Maria Garcia,procurement@cresttrading.com,+84 247 8747604,Almond,Saudi Arabia,Not Mentioned
Royal Enterprises,Maria Garcia,maria@royalagro.net,+62 237 1226016,Tamarind,Oman,Not Mentioned
Apex Holdings,Maria Garcia,procurement@apextrading.com,+63 430 6109066,Raisin (Kishmish),Bahrain,Not Mentioned
Prime Logistics,Michael Chang,procurement@primetrading.com,+14 671 4330265,Coriander Seeds,Egypt,Not Mentioned
Elite Suppliers,Rajesh Kumar,procurement@elitetrading.com,+5 806 6085026,1509 Basmati Rice,Bahrain,Not Mentioned
Nova Agro LLC,John Doe,procurement@novatrading.com,+48 390 9891067,Robusta Coffee,UK,Not Mentioned
Atlas Agro LLC,Fatima Zahra,procurement@atlastrading.com,+44 857 3997771,Makhana,Canada,Not Mentioned
Gulf Logistics,Ahmed Hassan,procurement@gulftrading.com,+45 134 5688409,Apple Powder,Kuwait,Not Mentioned
Summit Exports,Michael Chang,michael@summitagro.net,+12 439 1157527,Jaggery,Singapore,Not Mentioned
Continental Enterprises,Lucas Silva,procurement@continentaltrading.com,+92 741 7647910,Sella Basmati Rice,Qatar,Not Mentioned
Elite Logistics,Omar Al-Khatib,omar@eliteagro.net,+81 146 7692222,Sella Basmati Rice,Nigeria,Not Mentioned
Global Enterprises,Youssef Ibrahim,youssef@globalagro.net,+77 866 4864469,Robusta Coffee,Bahrain,Not Mentioned
Ocean General Trading,Tariq Aziz,procurement@oceantrading.com,+9 853 6866750,Makhana,Bahrain,Not Mentioned
Crest Group,Mohammed Al-Fayed,mohammed@crestagro.net,+45 381 5649422,Wheat,Kuwait,Not Mentioned
Continental General Trading,Youssef Ibrahim,procurement@continentaltrading.com,+62 433 3977312,ICUMSA 45 Sugar,France,Not Mentioned
Atlas Suppliers,Isabella Fernandez,procurement@atlastrading.com,+60 109 8003059,Raisin (Kishmish),France,Not Mentioned
Universal General Trading,John Doe,procurement@universaltrading.com,+29 607 5525138,Jaggery,Egypt,Not Mentioned
Pioneer Holdings,Omar Al-Khatib,procurement@pioneertrading.com,+39 964 6916874,Makhana,Saudi Arabia,Not Mentioned
Continental Ventures,Ahmed Hassan,ahmed@continentalagro.net,+74 815 3706783,1401 Basmati Rice,Saudi Arabia,Not Mentioned
Universal General Trading,Elena Rossi,procurement@universaltrading.com,+62 115 5442832,Apple Powder,USA,Not Mentioned
Pioneer Imports,Li Wei,procurement@pioneertrading.com,+75 670 1845753,Sesame Seeds,Egypt,Not Mentioned
Horizon Commodities,William Jones,william@horizonagro.net,+55 659 5315505,1509 Basmati Rice,UAE,Not Mentioned
Gulf Suppliers,Rajesh Kumar,procurement@gulftrading.com,+95 919 2909734,Fox Nuts (Makhana),Nigeria,Not Mentioned
Apex Imports,Fatima Zahra,fatima@apexagro.net,+98 527 3217048,1121 Basmati Rice,Malaysia,Not Mentioned
Orient Commodities,Mohammed Al-Fayed,procurement@orienttrading.com,+4 560 5412627,Black Pepper,France,Not Mentioned
Prime Trading Co.,Li Wei,procurement@primetrading.com,+14 208 7056401,Clove,Singapore,Not Mentioned
Continental Distributors,Chen Wu,procurement@continentaltrading.com,+8 530 3197467,Turmeric Finger,Singapore,Not Mentioned
Elite General Trading,John Doe,procurement@elitetrading.com,+40 951 5642056,Peanuts,Malaysia,Not Mentioned
Pioneer Imports,Li Wei,li@pioneeragro.net,+28 852 9668647,ICUMSA 45 Sugar,Singapore,Not Mentioned
Apex Holdings,Kareem Abdul,kareem@apexagro.net,+26 257 4795476,Sesame Seeds,Kuwait,Not Mentioned
Nova General Trading,Omar Al-Khatib,procurement@novatrading.com,+19 155 3401767,Cardamom (Green),Nigeria,Not Mentioned
Ocean Foods,Hiroshi Tanaka,hiroshi@oceanagro.net,+83 643 1967808,Coffee,Canada,Not Mentioned
Universal Holdings,Nour El-Din,nour@universalagro.net,+43 441 9643300,Coffee,Singapore,Not Mentioned
Universal Distributors,Lucas Silva,lucas@universalagro.net,+2 740 5038554,1401 Basmati Rice,France,Not Mentioned
Crest Foods,Youssef Ibrahim,procurement@cresttrading.com,+92 962 4337186,Lentils,France,Not Mentioned
Orient Foods,Sarah Connor,sarah@orientagro.net,+21 799 9749832,1121 Basmati Rice,Qatar,Not Mentioned
Apex Suppliers,Rajesh Kumar,procurement@apextrading.com,+79 907 3309425,Olive Oil,UAE,Not Mentioned
Nova Commodities,James Smith,james@novaagro.net,+36 968 7689529,Fennel Seeds,Oman,Not Mentioned
Orient Commodities,Nour El-Din,procurement@orienttrading.com,+19 352 2680507,Cumin Seeds,UK,Not Mentioned
Royal Imports,Elena Rossi,elena@royalagro.net,+13 345 6847045,Cashew Nut,Singapore,Not Mentioned
Global Distributors,Anna Muller,anna@globalagro.net,+54 476 9461705,Cumin Seeds,Nigeria,Not Mentioned
Global Enterprises,Lucas Silva,procurement@globaltrading.com,+15 898 7446517,Lentils,Qatar,Not Mentioned
Gulf Holdings,Lucas Silva,procurement@gulftrading.com,+46 657 3654814,Peanuts,Qatar,Not Mentioned
Elite Distributors,David Miller,david@eliteagro.net,+80 690 3242177,Peanuts,Canada,Not Mentioned
Stellar Imports,Sarah Connor,sarah@stellaragro.net,+1 862 4353924,Olive Oil,Singapore,Not Mentioned
Horizon Holdings,Elena Rossi,elena@horizonagro.net,+53 279 4376094,Coffee,Canada,Not Mentioned
Gulf Suppliers,James Smith,james@gulfagro.net,+80 602 6938871,Clove,France,Not Mentioned
Nova Holdings,Youssef Ibrahim,youssef@novaagro.net,+46 793 6298799,Cashew Nut,UK,Not Mentioned
Ocean Distributors,Maria Garcia,maria@oceanagro.net,+39 519 4303642,1509 Basmati Rice,Nigeria,Not Mentioned
Crest Logistics,Michael Chang,procurement@cresttrading.com,+56 818 6169391,Jaggery,Egypt,Not Mentioned
Crest Distributors,Anna Muller,anna@crestagro.net,+29 355 5395224,Jaggery,France,Not Mentioned
Gulf Ventures,Maria Garcia,procurement@gulftrading.com,+49 389 8747957,Dates (Khajoor),Canada,Not Mentioned
Nova Suppliers,Ahmed Hassan,procurement@novatrading.com,+40 450 9040823,Clove,Singapore,Not Mentioned
Pioneer Enterprises,Maria Garcia,procurement@pioneertrading.com,+84 750 8125259,IR 64 Rice,Singapore,Not Mentioned
Prime Enterprises,Anna Muller,anna@primeagro.net,+28 449 7180184,Saffron,France,Not Mentioned
Summit Exports,Tariq Aziz,procurement@summittrading.com,+23 536 8025360,Lentils,Canada,Not Mentioned
Royal Agro LLC,Omar Al-Khatib,procurement@royaltrading.com,+27 526 7927305,Robusta Coffee,UAE,Not Mentioned
Global Group,Omar Al-Khatib,procurement@globaltrading.com,+45 508 9737188,Saffron,Egypt,Not Mentioned
Prime Foods,William Jones,procurement@primetrading.com,+90 963 7670301,Barley,Singapore,Not Mentioned
Crest Holdings,James Smith,procurement@cresttrading.com,+6 875 3774631,Makhana,France,Not Mentioned
Royal Group,Anna Muller,procurement@royaltrading.com,+85 187 8536280,1401 Basmati Rice,Nigeria,Not Mentioned
Orient Imports,Maria Garcia,maria@orientagro.net,+45 188 6743085,Coffee,Malaysia,Not Mentioned
Desert Imports,Nour El-Din,procurement@deserttrading.com,+23 914 3791174,Almond,USA,Not Mentioned
Atlas Ventures,Ahmed Hassan,procurement@atlastrading.com,+70 234 1359772,Almond,Canada,Not Mentioned
Apex Logistics,James Smith,procurement@apextrading.com,+76 690 2972796,Black Pepper,Singapore,Not Mentioned
Ocean Commodities,Lucas Silva,procurement@oceantrading.com,+76 350 1253349,Raisin (Kishmish),Qatar,Not Mentioned
Crest Agro LLC,Ahmed Hassan,procurement@cresttrading.com,+70 190 7337718,Cinnamon Stick,France,Not Mentioned
Ocean Exports,Fatima Zahra,fatima@oceanagro.net,+79 841 8327212,Arabica Coffee,Nigeria,Not Mentioned
Global General Trading,Fatima Zahra,fatima@globalagro.net,+45 658 7545496,Apple Powder,Bahrain,Not Mentioned
Nova Distributors,Elena Rossi,elena@novaagro.net,+81 606 5132747,Arabica Coffee,UK,Not Mentioned
Ocean Holdings,Kareem Abdul,kareem@oceanagro.net,+84 624 4561616,Cinnamon Stick,Singapore,Not Mentioned
Gulf Agro LLC,Li Wei,li@gulfagro.net,+73 747 7280272,ICUMSA 45 Sugar,France,Not Mentioned
Crest Agro LLC,Anna Muller,anna@crestagro.net,+12 910 2616169,Sella Basmati Rice,UK,Not Mentioned
Apex Agro LLC,Mohammed Al-Fayed,procurement@apextrading.com,+68 672 6490874,Raisin (Kishmish),Oman,Not Mentioned
Universal Group,Lucas Silva,lucas@universalagro.net,+81 614 9066179,Turmeric Finger,Oman,Not Mentioned
Apex Imports,Ahmed Hassan,ahmed@apexagro.net,+53 753 8590931,Banana Powder,UAE,Not Mentioned
Universal Holdings,John Doe,john@universalagro.net,+25 418 7974591,Lentils,Kuwait,Not Mentioned
Horizon Foods,Anna Muller,anna@horizonagro.net,+16 538 9964401,Barley,Egypt,Not Mentioned
Orient Trading Co.,Sarah Connor,procurement@orienttrading.com,+93 421 5194612,Walnuts,France,Not Mentioned
Prime Trading Co.,Michael Chang,michael@primeagro.net,+49 733 1054081,Jaggery,Oman,Not Mentioned
Nova Ventures,Sarah Connor,procurement@novatrading.com,+7 836 6969657,Wheat,Oman,Not Mentioned
Prime Agro LLC,Nour El-Din,procurement@primetrading.com,+93 403 4507239,Arabica Coffee,Singapore,Not Mentioned
Desert Ventures,Ahmed Hassan,procurement@deserttrading.com,+95 286 5163128,Arabica Coffee,Saudi Arabia,Not Mentioned
Summit Group,Ahmed Hassan,ahmed@summitagro.net,+47 894 1372603,Cumin Seeds,Saudi Arabia,Not Mentioned
Horizon Holdings,Michael Chang,procurement@horizontrading.com,+45 411 2153763,1509 Basmati Rice,Singapore,Not Mentioned
Gulf Foods,William Jones,william@gulfagro.net,+60 368 1058164,Coriander Seeds,Singapore,Not Mentioned
Gulf Holdings,Michael Chang,michael@gulfagro.net,+45 944 9420456,Barley,USA,Not Mentioned
Desert Commodities,Rajesh Kumar,procurement@deserttrading.com,+86 753 9269122,Sella Basmati Rice,Qatar,Not Mentioned
Summit Enterprises,Isabella Fernandez,procurement@summittrading.com,+48 997 2648226,Fennel Seeds,Saudi Arabia,Not Mentioned
Apex Distributors,Lucas Silva,procurement@apextrading.com,+2 767 8138191,Coriander Seeds,Malaysia,Not Mentioned
Elite Imports,Anna Muller,anna@eliteagro.net,+94 552 1311429,Jaggery,Malaysia,Not Mentioned
Desert Holdings,Li Wei,li@desertagro.net,+72 579 4798526,Soybean Oil,Malaysia,Not Mentioned
Continental Suppliers,Ahmed Hassan,ahmed@continentalagro.net,+43 809 1351786,Cardamom (Green),France,Not Mentioned
Royal Holdings,William Jones,william@royalagro.net,+53 517 3393339,Soybean Oil,USA,Not Mentioned
Gulf Holdings,Kareem Abdul,procurement@gulftrading.com,+37 171 5884444,Sesame Seeds,Qatar,Not Mentioned
Elite Logistics,Rajesh Kumar,procurement@elitetrading.com,+28 570 1151421,Arabica Coffee,Canada,Not Mentioned
Orient Distributors,James Smith,procurement@orienttrading.com,+28 736 4860331,Palm Oil,Canada,Not Mentioned
Royal Holdings,John Doe,john@royalagro.net,+98 615 4188124,Soybean Oil,Saudi Arabia,Not Mentioned
Orient General Trading,Isabella Fernandez,isabella@orientagro.net,+34 158 6855382,Dates (Khajoor),Saudi Arabia,Not Mentioned
Atlas Commodities,Michael Chang,procurement@atlastrading.com,+46 103 9946239,Tamarind,Nigeria,Not Mentioned
Universal Agro LLC,Fatima Zahra,procurement@universaltrading.com,+51 546 2946148,Makhana,Malaysia,Not Mentioned
Elite Enterprises,Anna Muller,procurement@elitetrading.com,+11 372 9736784,Banana Powder,UAE,Not Mentioned
Gulf Ventures,Nour El-Din,nour@gulfagro.net,+25 440 5768717,Fox Nuts (Makhana),Kuwait,Not Mentioned
Ocean Commodities,Anna Muller,anna@oceanagro.net,+60 128 5461405,Cumin Seeds,Qatar,Not Mentioned
Global Logistics,Sarah Connor,procurement@globaltrading.com,+99 397 2722465,Black Pepper,UAE,Not Mentioned
Horizon General Trading,Hiroshi Tanaka,hiroshi@horizonagro.net,+83 754 9536003,Wheat,Oman,Not Mentioned
Desert Holdings,Nour El-Din,procurement@deserttrading.com,+91 674 9280138,Cardamom (Green),Oman,Not Mentioned
Crest Imports,Sarah Connor,procurement@cresttrading.com,+26 921 4552032,Coriander Seeds,Kuwait,Not Mentioned
Gulf Suppliers,Li Wei,li@gulfagro.net,+8 662 7842394,Banana Powder,Canada,Not Mentioned
Crest Foods,Omar Al-Khatib,procurement@cresttrading.com,+39 121 6714126,Jaggery,Oman,Not Mentioned
Orient Holdings,James Smith,james@orientagro.net,+5 503 6319902,Mustard Seeds,Nigeria,Not Mentioned
Orient Distributors,David Miller,david@orientagro.net,+11 545 1376089,Cardamom (Green),USA,Not Mentioned
Continental Holdings,David Miller,david@continentalagro.net,+62 345 9697890,Coffee,UAE,Not Mentioned
Prime Commodities,James Smith,james@primeagro.net,+67 600 4922088,Turmeric Finger,Canada,Not Mentioned
Horizon General Trading,Youssef Ibrahim,youssef@horizonagro.net,+83 814 1474987,Clove,Saudi Arabia,Not Mentioned
Nova Agro LLC,David Miller,david@novaagro.net,+91 753 4659858,Clove,Bahrain,Not Mentioned
Pioneer Logistics,David Miller,david@pioneeragro.net,+18 574 3354081,Dates (Khajoor),Oman,Not Mentioned
Continental Ventures,Hiroshi Tanaka,hiroshi@continentalagro.net,+29 530 7424224,Saffron,USA,Not Mentioned
Continental Ventures,James Smith,james@continentalagro.net,+43 609 9802215,Cardamom (Green),Bahrain,Not Mentioned
Continental Group,Michael Chang,procurement@continentaltrading.com,+41 199 8844375,Saffron,USA,Not Mentioned
Gulf Group,Elena Rossi,procurement@gulftrading.com,+35 313 3000135,Black Pepper,Nigeria,Not Mentioned
Crest Imports,Aisha Rahman,aisha@crestagro.net,+92 960 2888709,Mustard Seeds,Canada,Not Mentioned
Gulf Logistics,Ahmed Hassan,procurement@gulftrading.com,+96 213 1404345,Dates (Khajoor),Bahrain,Not Mentioned
Horizon Enterprises,Mohammed Al-Fayed,mohammed@horizonagro.net,+22 880 3707885,Cinnamon Stick,UAE,Not Mentioned
Universal Holdings,Ahmed Hassan,procurement@universaltrading.com,+74 371 6768814,Palm Oil,Singapore,Not Mentioned
Global Exports,Elena Rossi,procurement@globaltrading.com,+89 476 5482002,Black Pepper,UK,Not Mentioned
Stellar Imports,William Jones,william@stellaragro.net,+83 612 8858249,Cardamom (Green),Canada,Not Mentioned
Continental Foods,Elena Rossi,elena@continentalagro.net,+31 188 5379586,Clove,Malaysia,Not Mentioned
Continental Ventures,Sarah Connor,procurement@continentaltrading.com,+58 637 5297426,Almond,USA,Not Mentioned
Ocean Ventures,William Jones,william@oceanagro.net,+68 601 1720202,Walnuts,Kuwait,Not Mentioned
Atlas Imports,Lucas Silva,lucas@atlasagro.net,+93 895 1194202,1509 Basmati Rice,USA,Not Mentioned
Nova Group,Li Wei,procurement@novatrading.com,+90 877 1714264,Dates (Khajoor),Canada,Not Mentioned
Pioneer Enterprises,Li Wei,li@pioneeragro.net,+50 189 6907873,Olive Oil,Singapore,Not Mentioned
Gulf Enterprises,Hiroshi Tanaka,procurement@gulftrading.com,+82 370 4384879,Peanuts,UK,Not Mentioned
Continental Ventures,Aisha Rahman,aisha@continentalagro.net,+28 107 1463130,Barley,Malaysia,Not Mentioned
Global Exports,Mohammed Al-Fayed,procurement@globaltrading.com,+27 966 2595143,Coffee,Qatar,Not Mentioned
Gulf Ventures,Youssef Ibrahim,youssef@gulfagro.net,+76 790 3813634,Wheat,Saudi Arabia,Not Mentioned
Continental Enterprises,Li Wei,li@continentalagro.net,+58 496 9262962,Coffee,Oman,Not Mentioned
Atlas Agro LLC,Tariq Aziz,tariq@atlasagro.net,+22 874 2165428,Saffron,Canada,Not Mentioned
Pioneer Suppliers,Tariq Aziz,procurement@pioneertrading.com,+40 134 4312721,1121 Basmati Rice,Malaysia,Not Mentioned
Elite General Trading,Chen Wu,chen@eliteagro.net,+64 201 7193996,Sella Basmati Rice,Bahrain,Not Mentioned
Stellar Distributors,Youssef Ibrahim,procurement@stellartrading.com,+32 726 1722590,Wheat,Saudi Arabia,Not Mentioned
Desert Group,Elena Rossi,procurement@deserttrading.com,+73 830 6035064,Soybean Oil,UAE,Not Mentioned
Atlas Holdings,Anna Muller,anna@atlasagro.net,+74 461 1383922,Sunflower Oil,UAE,Not Mentioned
Pioneer Enterprises,Aisha Rahman,procurement@pioneertrading.com,+33 974 3433002,Sella Basmati Rice,Singapore,Not Mentioned
Prime Foods,Maria Garcia,procurement@primetrading.com,+33 463 5934776,Black Pepper,Canada,Not Mentioned
Prime Imports,Maria Garcia,maria@primeagro.net,+92 275 7794414,Olive Oil,Qatar,Not Mentioned
Desert Enterprises,Isabella Fernandez,procurement@deserttrading.com,+55 599 6915643,Fox Nuts (Makhana),UAE,Not Mentioned
Gulf Group,Sarah Connor,procurement@gulftrading.com,+1 969 8763139,Apple Powder,Saudi Arabia,Not Mentioned
Atlas Agro LLC,Isabella Fernandez,isabella@atlasagro.net,+96 484 5395822,Dates (Khajoor),Qatar,Not Mentioned
Royal Ventures,Hiroshi Tanaka,procurement@royaltrading.com,+96 940 7568113,Jaggery,Kuwait,Not Mentioned
Summit Agro LLC,Tariq Aziz,procurement@summittrading.com,+44 874 3165086,Black Pepper,Nigeria,Not Mentioned
Global Agro LLC,William Jones,procurement@globaltrading.com,+95 480 9902261,Robusta Coffee,Nigeria,Not Mentioned
Horizon Exports,John Doe,john@horizonagro.net,+87 616 9992426,Robusta Coffee,Egypt,Not Mentioned
Horizon Holdings,Youssef Ibrahim,youssef@horizonagro.net,+24 989 2970042,Peanuts,Singapore,Not Mentioned
Horizon Exports,Elena Rossi,procurement@horizontrading.com,+6 329 1484095,Apple Powder,USA,Not Mentioned
Stellar Enterprises,Fatima Zahra,fatima@stellaragro.net,+69 438 9431059,Almond,France,Not Mentioned
Global Ventures,Youssef Ibrahim,procurement@globaltrading.com,+14 725 8169754,Sesame Seeds,Kuwait,Not Mentioned
Global Exports,Anna Muller,procurement@globaltrading.com,+19 973 8408925,Cinnamon Stick,USA,Not Mentioned
